name,seconds,heightError,tiltDegrees,verticalSpeed,horizontalSpeed,unpowered,blocks,targetDistance,unpoweredDetail
DSH_E01_Skimmer,0.100,-0.0425,0.0000,-0.8694,0.0000,0,66,-1.0000,
DSH_E02_Halberd,0.100,-0.0425,0.0000,-0.8694,0.0000,4,129,-1.0000,4.0/-2.0/-6.0|4.0/-2.0/-4.0|4.0/-2.0/2.0|4.0/-2.0/8.0|
DSH_E03_Talos,0.100,-0.0425,0.0000,-0.8694,0.0000,0,73,-1.0000,
DSH_E01_Skimmer,0.200,-0.1609,0.0000,-1.4751,0.0000,0,66,-1.0000,
DSH_E02_Halberd,0.200,-0.1627,0.0000,-1.5092,0.0000,4,129,-1.0000,4.0/-2.0/-6.0|4.0/-2.0/-4.0|4.0/-2.0/2.0|4.0/-2.0/8.0|
DSH_E03_Talos,0.200,-0.1611,0.0000,-1.4770,0.0000,0,73,-1.0000,
DSH_E01_Skimmer,0.409,-0.5274,0.1342,-1.9003,0.0007,0,66,-1.0000,
DSH_E02_Halberd,0.409,-0.5668,0.2382,-2.1408,0.0009,4,129,-1.0000,4.0/-2.0/-6.0|4.0/-2.0/-4.0|4.0/-2.0/2.0|4.0/-2.0/8.0|
DSH_E03_Talos,0.409,-0.5298,0.0656,-1.9142,0.0004,0,73,-1.0000,
DSH_E01_Skimmer,0.605,-0.8741,0.5286,-1.5753,0.0077,0,66,-1.0000,
DSH_E02_Halberd,0.605,-1.0229,0.8252,-2.1539,0.0088,4,129,-1.0000,4.0/-2.0/-6.0|4.0/-2.0/-4.0|4.0/-2.0/2.0|4.0/-2.0/8.0|
DSH_E03_Talos,0.605,-0.8832,0.2617,-1.6087,0.0037,0,73,-1.0000,
DSH_E01_Skimmer,0.808,-1.1245,0.8709,-0.9717,0.0269,0,66,-1.0000,
DSH_E02_Halberd,0.808,-1.4398,1.1924,-1.7559,0.0287,4,129,-1.0000,4.0/-2.0/-6.0|4.0/-2.0/-4.0|4.0/-2.0/2.0|4.0/-2.0/8.0|
DSH_E03_Talos,0.808,-1.1407,0.6364,-0.9981,0.0153,0,73,-1.0000,
DSH_E01_Skimmer,1.006,-1.2708,0.8518,-0.5485,0.0435,0,66,-1.0000,
DSH_E02_Halberd,1.006,-1.7480,1.4219,-1.3007,0.0523,4,129,-1.0000,4.0/-2.0/-6.0|4.0/-2.0/-4.0|4.0/-2.0/2.0|4.0/-2.0/8.0|
DSH_E03_Talos,1.006,-1.2905,0.6944,-0.5645,0.0307,0,73,-1.0000,
DSH_E01_Skimmer,1.206,-1.3493,0.7613,-0.2586,0.0526,0,66,-1.0000,
DSH_E02_Halberd,1.206,-1.9780,1.5386,-0.9801,0.0729,4,129,-1.0000,4.0/-2.0/-6.0|4.0/-2.0/-4.0|4.0/-2.0/2.0|4.0/-2.0/8.0|
DSH_E03_Talos,1.206,-1.3715,0.5418,-0.2674,0.0385,0,73,-1.0000,
DSH_E01_Skimmer,1.402,-1.3798,0.7011,-0.0618,0.0563,0,66,-1.0000,
DSH_E02_Halberd,1.402,-2.1487,1.5783,-0.7536,0.0888,4,129,-1.0000,4.0/-2.0/-6.0|4.0/-2.0/-4.0|4.0/-2.0/2.0|4.0/-2.0/8.0|
DSH_E03_Talos,1.402,-1.4025,0.5994,-0.0658,0.0420,0,73,-1.0000,
DSH_E01_Skimmer,1.610,-1.3777,0.6767,0.0700,0.0577,0,66,-1.0000,
DSH_E02_Halberd,1.610,-2.2871,1.5868,-0.5928,0.1001,4,129,-1.0000,4.0/-2.0/-6.0|4.0/-2.0/-4.0|4.0/-2.0/2.0|4.0/-2.0/8.0|
DSH_E03_Talos,1.610,-1.4009,0.5627,0.0692,0.0454,0,73,-1.0000,
DSH_E01_Skimmer,1.809,-1.3539,0.6741,0.1564,0.0582,0,66,-1.0000,
DSH_E02_Halberd,1.809,-2.3926,1.5882,-0.4778,0.1080,4,129,-1.0000,4.0/-2.0/-6.0|4.0/-2.0/-4.0|4.0/-2.0/2.0|4.0/-2.0/8.0|
DSH_E03_Talos,1.809,-1.3770,0.5699,0.1577,0.0470,0,73,-1.0000,
DSH_E01_Skimmer,2.008,-1.3165,0.6767,0.2112,0.0586,0,66,-1.0000,
DSH_E02_Halberd,2.008,-2.4788,1.5911,-0.3949,0.1134,4,129,-1.0000,4.0/-2.0/-6.0|4.0/-2.0/-4.0|4.0/-2.0/2.0|4.0/-2.0/8.0|
DSH_E03_Talos,2.008,-1.3391,0.5795,0.2140,0.0482,0,73,-1.0000,
DSH_E01_Skimmer,2.207,-1.2709,0.6787,0.2443,0.0588,0,66,-1.0000,
DSH_E02_Halberd,2.207,-2.5507,1.5959,-0.3345,0.1173,4,129,-1.0000,4.0/-2.0/-6.0|4.0/-2.0/-4.0|4.0/-2.0/2.0|4.0/-2.0/8.0|
DSH_E03_Talos,2.207,-1.2928,0.5822,0.2479,0.0489,0,73,-1.0000,
DSH_E01_Skimmer,2.408,-1.2197,0.6790,0.2623,0.0590,0,66,-1.0000,
DSH_E02_Halberd,2.408,-2.6132,1.6014,-0.2897,0.1202,4,129,-1.0000,4.0/-2.0/-6.0|4.0/-2.0/-4.0|4.0/-2.0/2.0|4.0/-2.0/8.0|
DSH_E03_Talos,2.408,-1.2410,0.5774,0.2665,0.0493,0,73,-1.0000,
DSH_E01_Skimmer,2.606,-1.1666,0.6778,0.2701,0.0591,0,66,-1.0000,
DSH_E02_Halberd,2.606,-2.6674,1.6064,-0.2560,0.1223,4,129,-1.0000,4.0/-2.0/-6.0|4.0/-2.0/-4.0|4.0/-2.0/2.0|4.0/-2.0/8.0|
DSH_E03_Talos,2.606,-1.1870,0.5832,0.2746,0.0497,0,73,-1.0000,
DSH_E01_Skimmer,2.814,-1.1102,0.6758,0.2707,0.0590,0,66,-1.0000,
DSH_E02_Halberd,2.814,-2.7177,1.6111,-0.2279,0.1241,4,129,-1.0000,4.0/-2.0/-6.0|4.0/-2.0/-4.0|4.0/-2.0/2.0|4.0/-2.0/8.0|
DSH_E03_Talos,2.814,-1.1301,0.5757,0.2754,0.0498,0,73,-1.0000,
DSH_E01_Skimmer,3.010,-1.0575,0.6741,0.2671,0.0588,0,66,-1.0000,
DSH_E02_Halberd,3.010,-2.7609,1.6147,-0.2098,0.1253,4,129,-1.0000,4.0/-2.0/-6.0|4.0/-2.0/-4.0|4.0/-2.0/2.0|4.0/-2.0/8.0|
DSH_E03_Talos,3.010,-1.0763,0.5768,0.2718,0.0498,0,73,-1.0000,
DSH_E01_Skimmer,3.211,-1.0044,0.6720,0.2603,0.0586,0,66,-1.0000,
DSH_E02_Halberd,3.211,-2.8013,1.6181,-0.1934,0.1263,4,129,-1.0000,4.0/-2.0/-6.0|4.0/-2.0/-4.0|4.0/-2.0/2.0|4.0/-2.0/8.0|
DSH_E03_Talos,3.211,-1.0223,0.5764,0.2650,0.0497,0,73,-1.0000,
DSH_E01_Skimmer,3.407,-0.9543,0.6706,0.2517,0.0584,0,66,-1.0000,
DSH_E02_Halberd,3.407,-2.8378,1.6210,-0.1799,0.1271,4,129,-1.0000,4.0/-2.0/-6.0|4.0/-2.0/-4.0|4.0/-2.0/2.0|4.0/-2.0/8.0|
DSH_E03_Talos,3.407,-0.9713,0.5801,0.2562,0.0496,0,73,-1.0000,
DSH_E01_Skimmer,3.606,-0.9051,0.6688,0.2419,0.0581,0,66,-1.0000,
DSH_E02_Halberd,3.606,-2.8726,1.6238,-0.1684,0.1278,4,129,-1.0000,4.0/-2.0/-6.0|4.0/-2.0/-4.0|4.0/-2.0/2.0|4.0/-2.0/8.0|
DSH_E03_Talos,3.606,-0.9213,0.5744,0.2462,0.0496,0,73,-1.0000,
DSH_E01_Skimmer,3.805,-0.8582,0.6671,0.2315,0.0579,0,66,-1.0000,
DSH_E02_Halberd,3.805,-2.9052,1.6263,-0.1585,0.1285,4,129,-1.0000,4.0/-2.0/-6.0|4.0/-2.0/-4.0|4.0/-2.0/2.0|4.0/-2.0/8.0|
DSH_E03_Talos,3.805,-0.8735,0.5771,0.2357,0.0495,0,73,-1.0000,
DSH_E01_Skimmer,4.007,-0.8123,0.6656,0.2209,0.0576,0,66,-1.0000,
DSH_E02_Halberd,4.007,-2.9364,1.6288,-0.1497,0.1290,4,129,-1.0000,4.0/-2.0/-6.0|4.0/-2.0/-4.0|4.0/-2.0/2.0|4.0/-2.0/8.0|
DSH_E03_Talos,4.007,-0.8268,0.5751,0.2249,0.0494,0,73,-1.0000,
DSH_E01_Skimmer,4.202,-0.7704,0.6641,0.2103,0.0574,0,66,-1.0000,
DSH_E02_Halberd,4.202,-2.9648,1.6311,-0.1418,0.1295,4,129,-1.0000,4.0/-2.0/-6.0|4.0/-2.0/-4.0|4.0/-2.0/2.0|4.0/-2.0/8.0|
DSH_E03_Talos,4.202,-0.7842,0.5730,0.2141,0.0493,0,73,-1.0000,
DSH_E01_Skimmer,4.407,-0.7283,0.6626,0.1999,0.0571,0,66,-1.0000,
DSH_E02_Halberd,4.407,-2.9933,1.6333,-0.1347,0.1299,4,129,-1.0000,4.0/-2.0/-6.0|4.0/-2.0/-4.0|4.0/-2.0/2.0|4.0/-2.0/8.0|
DSH_E03_Talos,4.407,-0.7413,0.5737,0.2035,0.0492,0,73,-1.0000,
DSH_E01_Skimmer,4.608,-0.6893,0.6612,0.1898,0.0569,0,66,-1.0000,
DSH_E02_Halberd,4.608,-3.0197,1.6353,-0.1281,0.1303,4,129,-1.0000,4.0/-2.0/-6.0|4.0/-2.0/-4.0|4.0/-2.0/2.0|4.0/-2.0/8.0|
DSH_E03_Talos,4.608,-0.7015,0.5733,0.1933,0.0491,0,73,-1.0000,
DSH_E01_Skimmer,4.808,-0.6523,0.6600,0.1800,0.0566,0,66,-1.0000,
DSH_E02_Halberd,4.808,-3.0448,1.6373,-0.1219,0.1307,4,129,-1.0000,4.0/-2.0/-6.0|4.0/-2.0/-4.0|4.0/-2.0/2.0|4.0/-2.0/8.0|
DSH_E03_Talos,4.808,-0.6640,0.5713,0.1833,0.0489,0,73,-1.0000,
DSH_E01_Skimmer,5.003,-0.6181,0.6588,0.1707,0.0564,0,66,-1.0000,
DSH_E02_Halberd,5.003,-3.0681,1.6391,-0.1161,0.1310,4,129,-1.0000,4.0/-2.0/-6.0|4.0/-2.0/-4.0|4.0/-2.0/2.0|4.0/-2.0/8.0|
DSH_E03_Talos,5.003,-0.6293,0.5654,0.1738,0.0489,0,73,-1.0000,
DSH_E01_Skimmer,5.201,-0.5852,0.6576,0.1617,0.0562,0,66,-1.0000,
DSH_E02_Halberd,5.201,-3.0906,1.6409,-0.1107,0.1313,4,129,-1.0000,4.0/-2.0/-6.0|4.0/-2.0/-4.0|4.0/-2.0/2.0|4.0/-2.0/8.0|
DSH_E03_Talos,5.201,-0.5956,0.5781,0.1647,0.0488,0,73,-1.0000,
DSH_E01_Skimmer,5.400,-0.5538,0.6567,0.1532,0.0560,0,66,-1.0000,
DSH_E02_Halberd,5.400,-3.1123,1.6426,-0.1056,0.1316,4,129,-1.0000,4.0/-2.0/-6.0|4.0/-2.0/-4.0|4.0/-2.0/2.0|4.0/-2.0/8.0|
DSH_E03_Talos,5.400,-0.5637,0.5692,0.1560,0.0487,0,73,-1.0000,
DSH_E01_Skimmer,5.601,-0.5238,0.6555,0.1451,0.0558,0,66,-1.0000,
DSH_E02_Halberd,5.601,-3.1331,1.6441,-0.1007,0.1319,4,129,-1.0000,4.0/-2.0/-6.0|4.0/-2.0/-4.0|4.0/-2.0/2.0|4.0/-2.0/8.0|
DSH_E03_Talos,5.601,-0.5332,0.5737,0.1477,0.0486,0,73,-1.0000,
DSH_E01_Skimmer,5.807,-0.4948,0.6546,0.1373,0.0556,0,66,-1.0000,
DSH_E02_Halberd,5.807,-3.1534,1.6458,-0.0961,0.1322,4,129,-1.0000,4.0/-2.0/-6.0|4.0/-2.0/-4.0|4.0/-2.0/2.0|4.0/-2.0/8.0|
DSH_E03_Talos,5.807,-0.5035,0.5754,0.1399,0.0485,0,73,-1.0000,
DSH_E01_Skimmer,6.005,-0.4683,0.6537,0.1300,0.0554,0,66,-1.0000,
DSH_E02_Halberd,6.005,-3.1719,1.6472,-0.0917,0.1325,4,129,-1.0000,4.0/-2.0/-6.0|4.0/-2.0/-4.0|4.0/-2.0/2.0|4.0/-2.0/8.0|
DSH_E03_Talos,6.005,-0.4767,0.5730,0.1324,0.0485,0,73,-1.0000,
DSH_E01_Skimmer,6.209,-0.4425,0.6528,0.1231,0.0553,0,66,-1.0000,
DSH_E02_Halberd,6.209,-3.1904,1.6487,-0.0876,0.1327,4,129,-1.0000,4.0/-2.0/-6.0|4.0/-2.0/-4.0|4.0/-2.0/2.0|4.0/-2.0/8.0|
DSH_E03_Talos,6.209,-0.4504,0.5689,0.1253,0.0484,0,73,-1.0000,
DSH_E01_Skimmer,6.401,-0.4196,0.6519,0.1165,0.0551,0,66,-1.0000,
DSH_E02_Halberd,6.401,-3.2068,1.6500,-0.0836,0.1329,4,129,-1.0000,4.0/-2.0/-6.0|4.0/-2.0/-4.0|4.0/-2.0/2.0|4.0/-2.0/8.0|
DSH_E03_Talos,6.401,-0.4270,0.5733,0.1186,0.0483,0,73,-1.0000,
DSH_E01_Skimmer,6.610,-0.3959,0.6510,0.1102,0.0550,0,66,-1.0000,
DSH_E02_Halberd,6.610,-3.2240,1.6513,-0.0798,0.1332,4,129,-1.0000,4.0/-2.0/-6.0|4.0/-2.0/-4.0|4.0/-2.0/2.0|4.0/-2.0/8.0|
DSH_E03_Talos,6.610,-0.4029,0.5710,0.1123,0.0482,0,73,-1.0000,
DSH_E01_Skimmer,6.805,-0.3750,0.6504,0.1043,0.0548,0,66,-1.0000,
DSH_E02_Halberd,6.805,-3.2393,1.6524,-0.0762,0.1334,4,129,-1.0000,4.0/-2.0/-6.0|4.0/-2.0/-4.0|4.0/-2.0/2.0|4.0/-2.0/8.0|
DSH_E03_Talos,6.805,-0.3816,0.5784,0.1062,0.0482,0,73,-1.0000,
DSH_E01_Skimmer,7.001,-0.3552,0.6495,0.0987,0.0547,0,66,-1.0000,
DSH_E02_Halberd,7.001,-3.2538,1.6536,-0.0727,0.1336,4,129,-1.0000,4.0/-2.0/-6.0|4.0/-2.0/-4.0|4.0/-2.0/2.0|4.0/-2.0/8.0|
DSH_E03_Talos,7.001,-0.3615,0.5730,0.1005,0.0481,0,73,-1.0000,
DSH_E01_Skimmer,7.202,-0.3358,0.6489,0.0934,0.0546,0,66,-1.0000,
DSH_E02_Halberd,7.202,-3.2681,1.6547,-0.0694,0.1338,4,129,-1.0000,4.0/-2.0/-6.0|4.0/-2.0/-4.0|4.0/-2.0/2.0|4.0/-2.0/8.0|
DSH_E03_Talos,7.202,-0.3417,0.5727,0.0951,0.0481,0,73,-1.0000,
DSH_E01_Skimmer,7.410,-0.3170,0.6483,0.0884,0.0544,0,66,-1.0000,
DSH_E02_Halberd,7.410,-3.2823,1.6559,-0.0663,0.1340,4,129,-1.0000,4.0/-2.0/-6.0|4.0/-2.0/-4.0|4.0/-2.0/2.0|4.0/-2.0/8.0|
DSH_E03_Talos,7.410,-0.3224,0.5716,0.0900,0.0480,0,73,-1.0000,
DSH_E01_Skimmer,7.609,-0.2999,0.6477,0.0837,0.0543,0,66,-1.0000,
DSH_E02_Halberd,7.609,-3.2952,1.6568,-0.0632,0.1342,4,129,-1.0000,4.0/-2.0/-6.0|4.0/-2.0/-4.0|4.0/-2.0/2.0|4.0/-2.0/8.0|
DSH_E03_Talos,7.609,-0.3052,0.5637,0.0852,0.0480,0,73,-1.0000,
DSH_E01_Skimmer,7.807,-0.2838,0.6471,0.0792,0.0542,0,66,-1.0000,
DSH_E02_Halberd,7.807,-3.3075,1.6578,-0.0604,0.1343,4,129,-1.0000,4.0/-2.0/-6.0|4.0/-2.0/-4.0|4.0/-2.0/2.0|4.0/-2.0/8.0|
DSH_E03_Talos,7.807,-0.2888,0.5651,0.0806,0.0480,0,73,-1.0000,
DSH_E01_Skimmer,8.004,-0.2686,0.6465,0.0749,0.0541,0,66,-1.0000,
DSH_E02_Halberd,8.004,-3.3191,1.6587,-0.0576,0.1345,4,129,-1.0000,4.0/-2.0/-6.0|4.0/-2.0/-4.0|4.0/-2.0/2.0|4.0/-2.0/8.0|
DSH_E03_Talos,8.004,-0.2733,0.5764,0.0763,0.0479,0,73,-1.0000,
DSH_E01_Skimmer,8.209,-0.2537,0.6462,0.0709,0.0540,0,66,-1.0000,
DSH_E02_Halberd,8.209,-3.3307,1.6597,-0.0550,0.1346,4,129,-1.0000,4.0/-2.0/-6.0|4.0/-2.0/-4.0|4.0/-2.0/2.0|4.0/-2.0/8.0|
DSH_E03_Talos,8.209,-0.2581,0.5703,0.0722,0.0478,0,73,-1.0000,
DSH_E01_Skimmer,8.400,-0.2405,0.6456,0.0671,0.0539,0,66,-1.0000,
DSH_E02_Halberd,8.400,-3.3411,1.6605,-0.0525,0.1348,4,129,-1.0000,4.0/-2.0/-6.0|4.0/-2.0/-4.0|4.0/-2.0/2.0|4.0/-2.0/8.0|
DSH_E03_Talos,8.400,-0.2446,0.5733,0.0683,0.0478,0,73,-1.0000,
DSH_E01_Skimmer,8.607,-0.2270,0.6453,0.0635,0.0539,0,66,-1.0000,
DSH_E02_Halberd,8.607,-3.3517,1.6613,-0.0501,0.1349,4,129,-1.0000,4.0/-2.0/-6.0|4.0/-2.0/-4.0|4.0/-2.0/2.0|4.0/-2.0/8.0|
DSH_E03_Talos,8.607,-0.2307,0.5801,0.0646,0.0478,0,73,-1.0000,
DSH_E01_Skimmer,8.810,-0.2145,0.6447,0.0601,0.0538,0,66,-1.0000,
DSH_E02_Halberd,8.810,-3.3617,1.6620,-0.0478,0.1351,4,129,-1.0000,4.0/-2.0/-6.0|4.0/-2.0/-4.0|4.0/-2.0/2.0|4.0/-2.0/8.0|
DSH_E03_Talos,8.810,-0.2181,0.5675,0.0612,0.0478,0,73,-1.0000,
DSH_E01_Skimmer,9.007,-0.2029,0.6444,0.0569,0.0537,0,66,-1.0000,
DSH_E02_Halberd,9.007,-3.3709,1.6628,-0.0456,0.1352,4,129,-1.0000,4.0/-2.0/-6.0|4.0/-2.0/-4.0|4.0/-2.0/2.0|4.0/-2.0/8.0|
DSH_E03_Talos,9.007,-0.2064,0.5811,0.0579,0.0477,0,73,-1.0000,
DSH_E01_Skimmer,9.208,-0.1918,0.6441,0.0538,0.0536,0,66,-1.0000,
DSH_E02_Halberd,9.208,-3.3799,1.6635,-0.0435,0.1353,4,129,-1.0000,4.0/-2.0/-6.0|4.0/-2.0/-4.0|4.0/-2.0/2.0|4.0/-2.0/8.0|
DSH_E03_Talos,9.208,-0.1951,0.5757,0.0548,0.0477,0,73,-1.0000,
DSH_E01_Skimmer,9.410,-0.1813,0.6435,0.0509,0.0536,0,66,-1.0000,
DSH_E02_Halberd,9.410,-3.3886,1.6641,-0.0416,0.1355,4,129,-1.0000,4.0/-2.0/-6.0|4.0/-2.0/-4.0|4.0/-2.0/2.0|4.0/-2.0/8.0|
DSH_E03_Talos,9.410,-0.1844,0.5699,0.0518,0.0477,0,73,-1.0000,
DSH_E01_Skimmer,9.609,-0.1716,0.6432,0.0482,0.0535,0,66,-1.0000,
DSH_E02_Halberd,9.609,-3.3965,1.6648,-0.0397,0.1356,4,129,-1.0000,4.0/-2.0/-6.0|4.0/-2.0/-4.0|4.0/-2.0/2.0|4.0/-2.0/8.0|
DSH_E03_Talos,9.609,-0.1744,0.5723,0.0490,0.0476,0,73,-1.0000,
DSH_E01_Skimmer,9.809,-0.1622,0.6429,0.0456,0.0534,0,66,-1.0000,
DSH_E02_Halberd,9.809,-3.4044,1.6654,-0.0378,0.1357,4,129,-1.0000,4.0/-2.0/-6.0|4.0/-2.0/-4.0|4.0/-2.0/2.0|4.0/-2.0/8.0|
DSH_E03_Talos,9.809,-0.1649,0.5706,0.0464,0.0476,0,73,-1.0000,
DSH_E01_Skimmer,10.007,-0.1534,0.6425,0.0432,0.0534,0,66,-1.0000,
DSH_E02_Halberd,10.007,-3.4117,1.6660,-0.0361,0.1358,4,129,-1.0000,4.0/-2.0/-6.0|4.0/-2.0/-4.0|4.0/-2.0/2.0|4.0/-2.0/8.0|
DSH_E03_Talos,10.007,-0.1559,0.5740,0.0439,0.0476,0,73,-1.0000,
DSH_E01_Skimmer,10.204,-0.1451,0.6422,0.0408,0.0533,0,66,-1.0000,
DSH_E02_Halberd,10.204,-3.4186,1.6666,-0.0344,0.1359,4,129,-1.0000,4.0/-2.0/-6.0|4.0/-2.0/-4.0|4.0/-2.0/2.0|4.0/-2.0/8.0|
DSH_E03_Talos,10.204,-0.1475,0.5692,0.0416,0.0475,0,73,-1.0000,
DSH_E01_Skimmer,10.404,-0.1372,0.6419,0.0386,0.0533,0,66,-1.0000,
DSH_E02_Halberd,10.404,-3.4254,1.6671,-0.0329,0.1360,4,129,-1.0000,4.0/-2.0/-6.0|4.0/-2.0/-4.0|4.0/-2.0/2.0|4.0/-2.0/8.0|
DSH_E03_Talos,10.404,-0.1395,0.5737,0.0393,0.0475,0,73,-1.0000,
DSH_E01_Skimmer,10.606,-0.1296,0.6416,0.0366,0.0532,0,66,-1.0000,
DSH_E02_Halberd,10.606,-3.4319,1.6677,-0.0313,0.1361,4,129,-1.0000,4.0/-2.0/-6.0|4.0/-2.0/-4.0|4.0/-2.0/2.0|4.0/-2.0/8.0|
DSH_E03_Talos,10.606,-0.1317,0.5730,0.0372,0.0475,0,73,-1.0000,
DSH_E01_Skimmer,10.805,-0.1226,0.6416,0.0346,0.0532,0,66,-1.0000,
DSH_E02_Halberd,10.805,-3.4379,1.6681,-0.0299,0.1362,4,129,-1.0000,4.0/-2.0/-6.0|4.0/-2.0/-4.0|4.0/-2.0/2.0|4.0/-2.0/8.0|
DSH_E03_Talos,10.805,-0.1245,0.5710,0.0352,0.0475,0,73,-1.0000,
DSH_E01_Skimmer,11.005,-0.1158,0.6413,0.0327,0.0531,0,66,-1.0000,
DSH_E02_Halberd,11.005,-3.4438,1.6686,-0.0285,0.1362,4,129,-1.0000,4.0/-2.0/-6.0|4.0/-2.0/-4.0|4.0/-2.0/2.0|4.0/-2.0/8.0|
DSH_E03_Talos,11.005,-0.1177,0.5706,0.0333,0.0474,0,73,-1.0000,
DSH_E01_Skimmer,11.203,-0.1095,0.6410,0.0310,0.0531,0,66,-1.0000,
DSH_E02_Halberd,11.203,-3.4493,1.6689,-0.0272,0.1363,4,129,-1.0000,4.0/-2.0/-6.0|4.0/-2.0/-4.0|4.0/-2.0/2.0|4.0/-2.0/8.0|
DSH_E03_Talos,11.203,-0.1111,0.5768,0.0315,0.0475,0,73,-1.0000,
DSH_E01_Skimmer,11.408,-0.1033,0.6407,0.0293,0.0531,1,66,-1.0000,-1.5/-1.5/4.5|
DSH_E02_Halberd,11.408,-3.4549,1.6694,-0.0259,0.1364,4,129,-1.0000,4.0/-2.0/-6.0|4.0/-2.0/-4.0|4.0/-2.0/2.0|4.0/-2.0/8.0|
DSH_E03_Talos,11.408,-0.1049,0.5778,0.0298,0.0475,0,73,-1.0000,
DSH_E01_Skimmer,11.610,-0.0978,0.6401,0.0199,0.0529,1,66,-1.0000,-1.5/-1.5/4.5|
DSH_E02_Halberd,11.610,-3.4599,1.6699,-0.0247,0.1365,4,129,-1.0000,4.0/-2.0/-6.0|4.0/-2.0/-4.0|4.0/-2.0/2.0|4.0/-2.0/8.0|
DSH_E03_Talos,11.610,-0.0991,0.5710,0.0274,0.0475,0,73,-1.0000,
DSH_E01_Skimmer,11.803,-0.0984,0.6340,-0.0192,0.0524,1,66,-1.0000,-1.5/-1.5/4.5|
DSH_E02_Halberd,11.803,-3.4646,1.6702,-0.0236,0.1365,4,129,-1.0000,4.0/-2.0/-6.0|4.0/-2.0/-4.0|4.0/-2.0/2.0|4.0/-2.0/8.0|
DSH_E03_Talos,11.803,-0.0975,0.5716,-0.0115,0.0471,0,73,-1.0000,
DSH_E01_Skimmer,12.010,-0.1016,0.6318,-0.0088,0.0523,1,66,-1.0000,-1.5/-1.5/4.5|
DSH_E02_Halberd,12.010,-3.4695,1.6706,-0.0225,0.1366,4,129,-1.0000,4.0/-2.0/-6.0|4.0/-2.0/-4.0|4.0/-2.0/2.0|4.0/-2.0/8.0|
DSH_E03_Talos,12.010,-0.1008,0.5801,-0.0127,0.0470,0,73,-1.0000,
DSH_E01_Skimmer,12.209,-0.1019,0.6358,0.0025,0.0523,1,66,-1.0000,-1.5/-1.5/4.5|
DSH_E02_Halberd,12.209,-3.4737,1.6709,-0.0214,0.1367,4,129,-1.0000,4.0/-2.0/-6.0|4.0/-2.0/-4.0|4.0/-2.0/2.0|4.0/-2.0/8.0|
DSH_E03_Talos,12.209,-0.1019,0.5808,-0.0001,0.0472,0,73,-1.0000,
DSH_E01_Skimmer,12.403,-0.1007,0.6389,0.0100,0.0524,1,66,-1.0000,-1.5/-1.5/4.5|
DSH_E02_Halberd,12.403,-3.4778,1.6713,-0.0204,0.1367,4,129,-1.0000,4.0/-2.0/-6.0|4.0/-2.0/-4.0|4.0/-2.0/2.0|4.0/-2.0/8.0|
DSH_E03_Talos,12.403,-0.1010,0.5781,0.0084,0.0473,0,73,-1.0000,
DSH_E01_Skimmer,12.609,-0.0986,0.6398,0.0056,0.0525,1,66,-1.0000,-1.5/-1.5/4.5|
DSH_E02_Halberd,12.609,-3.4821,1.6716,-0.0195,0.1368,4,129,-1.0000,4.0/-2.0/-6.0|4.0/-2.0/-4.0|4.0/-2.0/2.0|4.0/-2.0/8.0|
DSH_E03_Talos,12.609,-0.0989,0.5730,0.0090,0.0472,0,73,-1.0000,
DSH_E01_Skimmer,12.800,-0.0992,0.6364,-0.0086,0.0523,1,66,-1.0000,-1.5/-1.5/4.5|
DSH_E02_Halberd,12.800,-3.4855,1.6719,-0.0185,0.1368,4,129,-1.0000,4.0/-2.0/-6.0|4.0/-2.0/-4.0|4.0/-2.0/2.0|4.0/-2.0/8.0|
DSH_E03_Talos,12.800,-0.0989,0.5737,-0.0078,0.0470,0,73,-1.0000,
DSH_E01_Skimmer,13.005,-0.1002,0.6358,0.0006,0.0524,1,66,-1.0000,-1.5/-1.5/4.5|
DSH_E02_Halberd,13.005,-3.4893,1.6722,-0.0177,0.1369,4,129,-1.0000,4.0/-2.0/-6.0|4.0/-2.0/-4.0|4.0/-2.0/2.0|4.0/-2.0/8.0|
DSH_E03_Talos,13.005,-0.1003,0.5747,-0.0016,0.0471,0,73,-1.0000,
DSH_E01_Skimmer,13.201,-0.0993,0.6377,0.0051,0.0524,1,66,-1.0000,-1.5/-1.5/4.5|
DSH_E02_Halberd,13.201,-3.4929,1.6725,-0.0168,0.1369,4,129,-1.0000,4.0/-2.0/-6.0|4.0/-2.0/-4.0|4.0/-2.0/2.0|4.0/-2.0/8.0|
DSH_E03_Talos,13.201,-0.0997,0.5686,0.0065,0.0472,0,73,-1.0000,
DSH_E01_Skimmer,13.401,-0.0991,0.6374,-0.0031,0.0524,1,66,-1.0000,-1.5/-1.5/4.5|
DSH_E02_Halberd,13.401,-3.4960,1.6728,-0.0160,0.1370,4,129,-1.0000,4.0/-2.0/-6.0|4.0/-2.0/-4.0|4.0/-2.0/2.0|4.0/-2.0/8.0|
DSH_E03_Talos,13.401,-0.0989,0.5713,-0.0007,0.0471,0,73,-1.0000,
DSH_E01_Skimmer,13.601,-0.0997,0.6364,-0.0021,0.0523,1,66,-1.0000,-1.5/-1.5/4.5|
DSH_E02_Halberd,13.601,-3.4991,1.6730,-0.0153,0.1370,4,129,-1.0000,4.0/-2.0/-6.0|4.0/-2.0/-4.0|4.0/-2.0/2.0|4.0/-2.0/8.0|
DSH_E03_Talos,13.601,-0.0995,0.5781,-0.0044,0.0471,0,73,-1.0000,
DSH_E01_Skimmer,13.806,-0.0995,0.6374,0.0025,0.0524,1,66,-1.0000,-1.5/-1.5/4.5|
DSH_E02_Halberd,13.806,-3.5022,1.6733,-0.0146,0.1371,4,129,-1.0000,4.0/-2.0/-6.0|4.0/-2.0/-4.0|4.0/-2.0/2.0|4.0/-2.0/8.0|
DSH_E03_Talos,13.806,-0.0997,0.5751,0.0022,0.0472,0,73,-1.0000,
DSH_E01_Skimmer,14.011,-0.0993,0.6374,-0.0006,0.0524,1,66,-1.0000,-1.5/-1.5/4.5|
DSH_E02_Halberd,14.011,-3.5053,1.6735,-0.0139,0.1371,4,129,-1.0000,4.0/-2.0/-6.0|4.0/-2.0/-4.0|4.0/-2.0/2.0|4.0/-2.0/8.0|
DSH_E03_Talos,14.011,-0.0992,0.5733,0.0011,0.0471,0,73,-1.0000,
DSH_E01_Skimmer,14.206,-0.0996,0.6367,-0.0010,0.0524,1,66,-1.0000,-1.5/-1.5/4.5|
DSH_E02_Halberd,14.206,-3.5078,1.6737,-0.0132,0.1372,4,129,-1.0000,4.0/-2.0/-6.0|4.0/-2.0/-4.0|4.0/-2.0/2.0|4.0/-2.0/8.0|
DSH_E03_Talos,14.206,-0.0995,0.5706,-0.0018,0.0471,0,73,-1.0000,
DSH_E01_Skimmer,14.404,-0.0996,0.6370,0.0014,0.0524,1,66,-1.0000,-1.5/-1.5/4.5|
DSH_E02_Halberd,14.404,-3.5103,1.6740,-0.0126,0.1372,4,129,-1.0000,4.0/-2.0/-6.0|4.0/-2.0/-4.0|4.0/-2.0/2.0|4.0/-2.0/8.0|
DSH_E03_Talos,14.404,-0.0996,0.5716,0.0011,0.0471,0,73,-1.0000,
DSH_E01_Skimmer,14.605,-0.0994,0.6374,0.0006,0.0524,1,66,-1.0000,-1.5/-1.5/4.5|
DSH_E02_Halberd,14.605,-3.5128,1.6741,-0.0120,0.1372,4,129,-1.0000,4.0/-2.0/-6.0|4.0/-2.0/-4.0|4.0/-2.0/2.0|4.0/-2.0/8.0|
DSH_E03_Talos,14.605,-0.0994,0.5737,0.0009,0.0471,0,73,-1.0000,
DSH_E01_Skimmer,14.805,-0.0994,0.6370,-0.0005,0.0524,1,66,-1.0000,-1.5/-1.5/4.5|
DSH_E02_Halberd,14.805,-3.5151,1.6743,-0.0114,0.1373,4,129,-1.0000,4.0/-2.0/-6.0|4.0/-2.0/-4.0|4.0/-2.0/2.0|4.0/-2.0/8.0|
DSH_E03_Talos,14.805,-0.0994,0.5784,0.0000,0.0471,0,73,-1.0000,
DSH_E01_Skimmer,15.008,-0.0994,0.6370,-0.0012,0.0524,1,66,-1.0000,-1.5/-1.5/4.5|
DSH_E02_Halberd,15.008,-3.5176,1.6746,-0.0108,0.1373,4,129,-1.0000,4.0/-2.0/-6.0|4.0/-2.0/-4.0|4.0/-2.0/2.0|4.0/-2.0/8.0|
DSH_E03_Talos,15.008,-0.0994,0.5713,-0.0008,0.0471,0,73,-1.0000,
DSH_E01_Skimmer,15.206,6.3965,0.6741,-0.0903,0.0606,1,66,31.0198,-1.5/-1.5/4.5|
DSH_E02_Halberd,15.206,2.9813,1.6699,-0.0533,0.1595,4,129,29.0364,4.0/-2.0/-6.0|4.0/-2.0/-4.0|4.0/-2.0/2.0|4.0/-2.0/8.0|
DSH_E03_Talos,15.206,6.3984,0.6123,-0.0819,0.0808,0,73,30.3638,
DSH_E01_Skimmer,15.403,6.3409,1.0281,-0.3325,0.4678,0,66,30.9681,
DSH_E02_Halberd,15.403,2.9662,1.6862,-0.0537,0.4677,4,129,29.0005,4.0/-2.0/-6.0|4.0/-2.0/-4.0|4.0/-2.0/2.0|4.0/-2.0/8.0|
DSH_E03_Talos,15.403,6.3613,1.0756,-0.2509,0.4693,0,73,30.3061,
DSH_E01_Skimmer,15.612,6.2382,1.2007,-0.4876,1.1213,0,66,30.7810,
DSH_E02_Halberd,15.612,2.9593,1.6521,-0.0849,1.0177,4,129,28.8671,4.0/-2.0/-6.0|4.0/-2.0/-4.0|4.0/-2.0/2.0|4.0/-2.0/8.0|
DSH_E03_Talos,15.612,6.3002,1.5777,-0.3736,1.1756,0,73,30.1197,
DSH_E01_Skimmer,15.807,6.1040,1.0686,-0.7950,1.6487,0,66,30.4797,
DSH_E02_Halberd,15.807,2.9120,1.4971,-0.4555,1.5993,4,129,28.6065,4.0/-2.0/-6.0|4.0/-2.0/-4.0|4.0/-2.0/2.0|4.0/-2.0/8.0|
DSH_E03_Talos,15.807,6.1909,1.6481,-0.7197,1.8157,0,73,29.8004,
DSH_E01_Skimmer,16.001,5.9275,0.9066,-1.0116,2.0041,0,66,30.0903,
DSH_E02_Halberd,16.001,2.7991,1.3639,-0.7394,2.0040,4,129,28.2435,4.0/-2.0/-6.0|4.0/-2.0/-4.0|4.0/-2.0/2.0|4.0/-2.0/8.0|
DSH_E03_Talos,16.001,6.0240,1.5902,-0.9693,2.2460,0,73,29.3743,
DSH_E01_Skimmer,16.201,5.7133,0.8058,-1.1393,2.2397,0,66,29.6244,
DSH_E02_Halberd,16.201,2.6346,1.3028,-0.9182,2.2744,4,129,27.7951,4.0/-2.0/-6.0|4.0/-2.0/-4.0|4.0/-2.0/2.0|4.0/-2.0/8.0|
DSH_E03_Talos,16.201,5.8132,1.5303,-1.1195,2.5314,0,73,28.8570,
DSH_E01_Skimmer,16.406,5.4736,0.7695,-1.2061,2.3957,0,66,29.1041,
DSH_E02_Halberd,16.406,2.4348,1.2962,-1.0247,2.4545,4,129,27.2855,4.0/-2.0/-6.0|4.0/-2.0/-4.0|4.0/-2.0/2.0|4.0/-2.0/8.0|
DSH_E03_Talos,16.406,5.5743,1.5021,-1.2013,2.7207,0,73,28.2748,
DSH_E01_Skimmer,16.611,5.2247,0.7692,-1.2311,2.4992,0,66,28.5581,
DSH_E02_Halberd,16.611,2.2178,1.3128,-1.0815,2.5749,4,129,26.7451,4.0/-2.0/-6.0|4.0/-2.0/-4.0|4.0/-2.0/2.0|4.0/-2.0/8.0|
DSH_E03_Talos,16.611,5.3246,1.4980,-1.2364,2.8469,0,73,27.6607,
DSH_E01_Skimmer,16.810,4.9788,0.7793,-1.2281,2.5682,0,66,28.0075,
DSH_E02_Halberd,16.810,1.9979,1.3337,-1.1045,2.6555,4,129,26.1965,4.0/-2.0/-6.0|4.0/-2.0/-4.0|4.0/-2.0/2.0|4.0/-2.0/8.0|
DSH_E03_Talos,16.810,5.0768,1.5036,-1.2399,2.9313,0,73,27.0393,
DSH_E01_Skimmer,17.006,4.7409,0.7886,-1.2064,2.6143,0,66,27.4596,
DSH_E02_Halberd,17.006,1.7809,1.3528,-1.1047,2.7098,4,129,25.6479,4.0/-2.0/-6.0|4.0/-2.0/-4.0|4.0/-2.0/2.0|4.0/-2.0/8.0|
DSH_E03_Talos,17.006,4.8363,1.5104,-1.2223,2.9880,0,73,26.4193,
DSH_E01_Skimmer,17.209,4.4989,0.7957,-1.1727,2.6452,0,66,26.8833,
DSH_E02_Halberd,17.209,1.5568,1.3705,-1.0898,2.7464,4,129,25.0686,4.0/-2.0/-6.0|4.0/-2.0/-4.0|4.0/-2.0/2.0|4.0/-2.0/8.0|
DSH_E03_Talos,17.209,4.5908,1.5162,-1.1911,3.0264,0,73,25.7660,
DSH_E01_Skimmer,17.405,4.2729,0.8004,-1.1315,2.6660,0,66,26.3247,
DSH_E02_Halberd,17.405,1.3445,1.3864,-1.0650,2.7712,4,129,24.5053,4.0/-2.0/-6.0|4.0/-2.0/-4.0|4.0/-2.0/2.0|4.0/-2.0/8.0|
DSH_E03_Talos,17.405,4.3610,1.5208,-1.1513,3.0526,0,73,25.1318,
DSH_E01_Skimmer,17.610,4.0463,0.8045,-1.0861,2.6800,0,66,25.7413,
DSH_E02_Halberd,17.610,1.1292,1.4024,-1.0341,2.7882,4,129,23.9154,4.0/-2.0/-6.0|4.0/-2.0/-4.0|4.0/-2.0/2.0|4.0/-2.0/8.0|
DSH_E03_Talos,17.610,4.1302,1.5248,-1.1065,3.0705,0,73,24.4687,
DSH_E01_Skimmer,17.808,3.8362,0.8084,-1.0385,2.6895,0,66,25.1766,
DSH_E02_Halberd,17.808,0.9271,1.4173,-0.9994,2.8000,4,129,23.3431,4.0/-2.0/-6.0|4.0/-2.0/-4.0|4.0/-2.0/2.0|4.0/-2.0/8.0|
DSH_E03_Talos,17.808,3.9159,1.5284,-1.0590,3.0830,0,73,23.8260,
DSH_E01_Skimmer,18.005,3.6371,0.8120,-0.9903,2.6960,0,66,24.6171,
DSH_E02_Halberd,18.005,0.7338,1.4319,-0.9628,2.8082,4,129,22.7749,4.0/-2.0/-6.0|4.0/-2.0/-4.0|4.0/-2.0/2.0|4.0/-2.0/8.0|
DSH_E03_Talos,18.005,3.7128,1.5319,-1.0104,3.0918,0,73,23.1887,
DSH_E01_Skimmer,18.210,3.4393,0.8159,-0.9424,2.7004,0,66,24.0347,
DSH_E02_Halberd,18.210,0.5397,1.4467,-0.9253,2.8141,4,129,22.1823,4.0/-2.0/-6.0|4.0/-2.0/-4.0|4.0/-2.0/2.0|4.0/-2.0/8.0|
DSH_E03_Talos,18.210,3.5108,1.5354,-0.9620,3.0982,0,73,22.5248,
DSH_E01_Skimmer,18.404,3.2609,0.8192,-0.8955,2.7036,0,66,23.4841,
DSH_E02_Halberd,18.404,0.3631,1.4602,-0.8878,2.8185,4,129,21.6211,4.0/-2.0/-6.0|4.0/-2.0/-4.0|4.0/-2.0/2.0|4.0/-2.0/8.0|
DSH_E03_Talos,18.404,3.3287,1.5386,-0.9145,3.1030,0,73,21.8966,
DSH_E01_Skimmer,18.610,3.0813,0.8228,-0.8500,2.7058,0,66,22.9018,
DSH_E02_Halberd,18.610,0.1835,1.4739,-0.8508,2.8218,4,129,21.0266,4.0/-2.0/-6.0|4.0/-2.0/-4.0|4.0/-2.0/2.0|4.0/-2.0/8.0|
DSH_E03_Talos,18.610,3.1451,1.5419,-0.8683,3.1066,0,73,21.2320,
DSH_E01_Skimmer,18.802,2.9227,0.8259,-0.8062,2.7074,0,66,22.3613,
DSH_E02_Halberd,18.802,0.0213,1.4766,-0.8829,2.8231,4,129,20.4740,4.0/-2.0/-6.0|4.0/-2.0/-4.0|4.0/-2.0/2.0|4.0/-2.0/8.0|
DSH_E03_Talos,18.802,2.9831,1.5447,-0.8237,3.1094,0,73,20.6146,
DSH_E01_Skimmer,19.007,2.7624,0.8290,-0.7642,2.7086,0,66,21.7872,
DSH_E02_Halberd,19.007,-0.1832,1.3600,-1.1347,2.8192,4,129,19.8843,4.0/-2.0/-6.0|4.0/-2.0/-4.0|4.0/-2.0/2.0|4.0/-2.0/8.0|
DSH_E03_Talos,19.007,2.8193,1.5478,-0.7809,3.1117,0,73,19.9585,
DSH_E01_Skimmer,19.205,2.6149,0.8318,-0.7241,2.7095,0,66,21.2311,
DSH_E02_Halberd,19.205,-0.3987,1.3319,-1.0198,2.8199,4,129,19.3122,4.0/-2.0/-6.0|4.0/-2.0/-4.0|4.0/-2.0/2.0|4.0/-2.0/8.0|
DSH_E03_Talos,19.205,2.6686,1.5504,-0.7399,3.1137,0,73,19.3227,
DSH_E01_Skimmer,19.407,2.4725,0.8344,-0.6858,2.7102,0,66,20.6658,
DSH_E02_Halberd,19.407,-0.5946,1.4253,-0.8859,2.8221,4,129,18.7315,4.0/-2.0/-6.0|4.0/-2.0/-4.0|4.0/-2.0/2.0|4.0/-2.0/8.0|
DSH_E03_Talos,19.407,2.5231,1.5531,-0.7009,3.1153,0,73,18.6760,
DSH_E01_Skimmer,19.610,2.3375,0.8370,-0.6494,2.7108,0,66,20.1012,
DSH_E02_Halberd,19.610,-0.7664,1.5093,-0.7846,2.8253,4,129,18.1520,4.0/-2.0/-6.0|4.0/-2.0/-4.0|4.0/-2.0/2.0|4.0/-2.0/8.0|
DSH_E03_Talos,19.610,2.3851,1.5554,-0.6638,3.1168,0,73,18.0300,
DSH_E01_Skimmer,19.805,2.2144,0.8393,-0.6149,2.7113,0,66,19.5580,
DSH_E02_Halberd,19.805,-0.9135,1.5538,-0.7065,2.8287,4,129,17.5945,4.0/-2.0/-6.0|4.0/-2.0/-4.0|4.0/-2.0/2.0|4.0/-2.0/8.0|
DSH_E03_Talos,19.805,2.2608,1.5592,-0.6285,3.1069,0,73,17.4091,
DSH_E01_Skimmer,20.008,2.0931,0.8416,-0.5821,2.7117,0,66,18.9951,
DSH_E02_Halberd,20.008,-1.0508,1.5737,-0.6450,2.8316,4,129,17.0164,4.0/-2.0/-6.0|4.0/-2.0/-4.0|4.0/-2.0/2.0|4.0/-2.0/8.0|
DSH_E03_Talos,20.008,2.1483,1.5256,-0.5956,2.9020,0,73,16.7899,
DSH_E01_Skimmer,20.207,1.9803,0.8437,-0.5510,2.7121,0,66,18.4434,
DSH_E02_Halberd,20.207,-1.1744,1.5825,-0.5952,2.8338,4,129,16.4492,4.0/-2.0/-6.0|4.0/-2.0/-4.0|4.0/-2.0/2.0|4.0/-2.0/8.0|
DSH_E03_Talos,20.207,2.0524,1.3490,-0.5655,2.4758,0,73,16.3166,
DSH_E01_Skimmer,20.400,1.8765,0.8456,-0.5215,2.7124,0,66,17.9094,
DSH_E02_Halberd,20.400,-1.2859,1.5951,-0.5541,2.7897,4,129,15.9041,4.0/-2.0/-6.0|4.0/-2.0/-4.0|4.0/-2.0/2.0|4.0/-2.0/8.0|
DSH_E03_Talos,20.400,1.9590,1.3105,-0.5377,2.4458,0,73,16.0056,
DSH_E01_Skimmer,20.605,1.7726,0.8474,-0.4935,2.7127,0,66,17.3440,
DSH_E02_Halberd,20.605,-1.3965,1.6139,-0.5192,2.4323,4,129,15.3917,4.0/-2.0/-6.0|4.0/-2.0/-4.0|4.0/-2.0/2.0|4.0/-2.0/8.0|
DSH_E03_Talos,20.605,1.8572,1.3451,-0.5113,2.5713,0,73,15.7920,
DSH_E01_Skimmer,20.801,1.6787,0.8598,-0.4670,2.7047,0,66,16.8042,
DSH_E02_Halberd,20.801,-1.4956,1.6179,-0.4889,2.2651,4,129,15.0515,4.0/-2.0/-6.0|4.0/-2.0/-4.0|4.0/-2.0/2.0|4.0/-2.0/8.0|
DSH_E03_Talos,20.801,1.7604,1.3560,-0.4858,2.7252,0,73,15.6679,
DSH_E01_Skimmer,21.006,1.5886,0.9294,-0.4421,2.5326,0,66,16.2640,
DSH_E02_Halberd,21.006,-1.5927,1.6187,-0.4621,2.3376,4,129,14.8220,4.0/-2.0/-6.0|4.0/-2.0/-4.0|4.0/-2.0/2.0|4.0/-2.0/8.0|
DSH_E03_Talos,21.006,1.6630,1.3560,-0.4611,2.8440,0,73,15.5973,
DSH_E01_Skimmer,21.201,1.5156,1.0314,-0.4192,2.1718,0,66,15.8623,
DSH_E02_Halberd,21.201,-1.6807,1.6220,-0.4380,2.4688,4,129,14.6896,4.0/-2.0/-6.0|4.0/-2.0/-4.0|4.0/-2.0/2.0|4.0/-2.0/8.0|
DSH_E03_Talos,21.201,1.5746,1.3564,-0.4372,2.9279,0,73,15.5772,
DSH_E01_Skimmer,21.403,1.4460,1.1421,-0.3991,1.9879,0,66,15.6001,
DSH_E02_Halberd,21.403,-1.7671,1.6294,-0.4160,2.5873,4,129,14.6120,4.0/-2.0/-6.0|4.0/-2.0/-4.0|4.0/-2.0/2.0|4.0/-2.0/8.0|
DSH_E03_Talos,21.403,1.4874,1.2986,-0.4144,2.8543,0,73,15.6269,
DSH_E01_Skimmer,21.605,1.3816,1.1145,-0.3842,1.4765,0,66,15.5477,
DSH_E02_Halberd,21.605,-1.8494,1.6375,-0.3957,2.6735,4,129,14.5811,4.0/-2.0/-6.0|4.0/-2.0/-4.0|4.0/-2.0/2.0|4.0/-2.0/8.0|
DSH_E03_Talos,21.605,1.3917,0.9465,-0.3959,2.2889,0,73,15.8387,
DSH_E01_Skimmer,21.808,1.3133,0.8742,-0.3703,0.8864,0,66,15.6697,
DSH_E02_Halberd,21.808,-1.9282,1.6463,-0.3769,2.7376,4,129,14.5824,4.0/-2.0/-6.0|4.0/-2.0/-4.0|4.0/-2.0/2.0|4.0/-2.0/8.0|
DSH_E03_Talos,21.808,1.2775,0.6190,-0.3776,1.4151,0,73,16.1307,
DSH_E01_Skimmer,22.007,1.2354,0.5005,-0.3496,0.8697,0,66,15.7923,
DSH_E02_Halberd,22.007,-2.0017,1.6550,-0.3592,2.7809,4,129,14.6037,4.0/-2.0/-6.0|4.0/-2.0/-4.0|4.0/-2.0/2.0|4.0/-2.0/8.0|
DSH_E03_Talos,22.007,1.1698,0.8541,-0.3497,1.2487,0,73,16.3380,
DSH_E01_Skimmer,22.202,1.1632,0.3220,-0.3292,1.3810,0,66,15.8722,
DSH_E02_Halberd,22.202,-2.0706,1.6618,-0.3425,2.8096,4,129,14.6451,4.0/-2.0/-6.0|4.0/-2.0/-4.0|4.0/-2.0/2.0|4.0/-2.0/8.0|
DSH_E03_Talos,22.202,1.0851,1.1513,-0.3235,1.7041,0,73,16.4730,
DSH_E01_Skimmer,22.402,1.0979,0.3991,-0.3100,1.7987,0,66,15.9308,
DSH_E02_Halberd,22.402,-2.1371,1.6586,-0.3268,2.7177,4,129,14.7351,4.0/-2.0/-6.0|4.0/-2.0/-4.0|4.0/-2.0/2.0|4.0/-2.0/8.0|
DSH_E03_Talos,22.402,1.0171,1.2557,-0.3001,2.1343,0,73,16.5696,
DSH_E01_Skimmer,22.602,1.0389,0.5475,-0.2924,2.0939,0,66,15.9809,
DSH_E02_Halberd,22.602,-2.1990,1.6105,-0.3121,2.1771,4,129,14.9587,4.0/-2.0/-6.0|4.0/-2.0/-4.0|4.0/-2.0/2.0|4.0/-2.0/8.0|
DSH_E03_Talos,22.602,0.9592,1.2466,-0.2797,2.4477,0,73,16.6464,
DSH_E01_Skimmer,22.802,0.9811,0.5392,-0.2761,2.2929,0,66,16.0273,
DSH_E02_Halberd,22.802,-2.2567,1.5337,-0.2986,1.3184,4,129,15.2474,4.0/-2.0/-6.0|4.0/-2.0/-4.0|4.0/-2.0/2.0|4.0/-2.0/8.0|
DSH_E03_Talos,22.802,0.9063,1.2148,-0.2617,2.6583,0,73,16.7130,
DSH_E01_Skimmer,23.005,0.9254,0.4648,-0.2607,2.4262,0,66,16.0737,
DSH_E02_Halberd,23.005,-2.3136,1.4850,-0.2852,1.0689,4,129,15.4602,4.0/-2.0/-6.0|4.0/-2.0/-4.0|4.0/-2.0/2.0|4.0/-2.0/8.0|
DSH_E03_Talos,23.005,0.8557,1.1957,-0.2456,2.8031,0,73,16.7750,
DSH_E01_Skimmer,23.201,0.8759,0.4423,-0.2462,2.5131,0,66,16.1242,
DSH_E02_Halberd,23.201,-2.3676,1.4710,-0.2725,1.4387,4,129,15.5950,4.0/-2.0/-6.0|4.0/-2.0/-4.0|4.0/-2.0/2.0|4.0/-2.0/8.0|
DSH_E03_Talos,23.201,0.8092,1.1903,-0.2310,2.8990,0,73,16.8387,
DSH_E01_Skimmer,23.401,0.8280,0.4325,-0.2327,2.5694,0,66,16.1760,
DSH_E02_Halberd,23.401,-2.4210,1.4737,-0.2603,1.8088,4,129,15.6898,4.0/-2.0/-6.0|4.0/-2.0/-4.0|4.0/-2.0/2.0|4.0/-2.0/8.0|
DSH_E03_Talos,23.401,0.7642,1.1947,-0.2176,2.9624,0,73,16.9021,
DSH_E01_Skimmer,23.602,0.7823,0.4247,-0.2200,2.6083,0,66,16.2315,
DSH_E02_Halberd,23.602,-2.4725,1.4808,-0.2487,2.0804,4,129,15.7623,4.0/-2.0/-6.0|4.0/-2.0/-4.0|4.0/-2.0/2.0|4.0/-2.0/8.0|
DSH_E03_Talos,23.602,0.7214,1.2022,-0.2053,3.0071,0,73,16.9688,
DSH_E01_Skimmer,23.801,0.7387,0.4083,-0.2080,2.6310,0,66,16.2898,
DSH_E02_Halberd,23.801,-2.5211,1.4878,-0.2375,2.2648,4,129,15.8223,4.0/-2.0/-6.0|4.0/-2.0/-4.0|4.0/-2.0/2.0|4.0/-2.0/8.0|
DSH_E03_Talos,23.801,0.6818,1.2093,-0.1937,3.0337,0,73,17.0382,
DSH_E01_Skimmer,24.009,0.6937,0.3680,-0.1965,2.6479,0,66,16.3503,
DSH_E02_Halberd,24.009,-2.5698,1.4941,-0.2269,2.3915,4,129,15.8773,4.0/-2.0/-6.0|4.0/-2.0/-4.0|4.0/-2.0/2.0|4.0/-2.0/8.0|
DSH_E03_Talos,24.009,0.6426,1.2182,-0.1830,3.0540,0,73,17.1096,
DSH_E01_Skimmer,24.210,0.6516,0.3245,-0.1854,2.6586,0,66,16.4125,
DSH_E02_Halberd,24.210,-2.6143,1.4987,-0.2167,2.4763,4,129,15.9307,4.0/-2.0/-6.0|4.0/-2.0/-4.0|4.0/-2.0/2.0|4.0/-2.0/8.0|
DSH_E03_Talos,24.210,0.6071,1.2246,-0.1729,3.0669,0,73,17.1838,
DSH_E01_Skimmer,24.405,0.6108,0.2934,-0.1747,2.6649,0,66,16.4706,
DSH_E02_Halberd,24.405,-2.6558,1.5038,-0.2070,2.5330,4,129,15.9792,4.0/-2.0/-6.0|4.0/-2.0/-4.0|4.0/-2.0/2.0|4.0/-2.0/8.0|
DSH_E03_Talos,24.405,0.5747,1.2329,-0.1635,3.0748,0,73,17.2534,
DSH_E01_Skimmer,24.607,0.5688,0.3357,-0.1642,2.6716,0,66,16.5316,
DSH_E02_Halberd,24.607,-2.6970,1.5084,-0.1977,2.5725,4,129,16.0310,4.0/-2.0/-6.0|4.0/-2.0/-4.0|4.0/-2.0/2.0|4.0/-2.0/8.0|
DSH_E03_Talos,24.607,0.5428,1.2410,-0.1547,3.0829,0,73,17.3279,
DSH_E01_Skimmer,24.809,0.5276,0.4748,-0.1540,2.6740,0,66,16.5934,
DSH_E02_Halberd,24.809,-2.7361,1.5131,-0.1888,2.5973,4,129,16.0849,4.0/-2.0/-6.0|4.0/-2.0/-4.0|4.0/-2.0/2.0|4.0/-2.0/8.0|
DSH_E03_Talos,24.809,0.5129,1.2482,-0.1463,3.0851,0,73,17.4056,
DSH_E01_Skimmer,25.006,0.4913,0.6036,-0.1440,2.6780,0,66,16.6491,
DSH_E02_Halberd,25.006,-2.7725,1.5183,-0.1803,2.6156,4,129,16.1346,4.0/-2.0/-6.0|4.0/-2.0/-4.0|4.0/-2.0/2.0|4.0/-2.0/8.0|
DSH_E03_Talos,25.006,0.4857,1.2580,-0.1385,3.0888,0,73,17.4777,
DSH_E01_Skimmer,25.202,0.4672,0.5178,-0.1351,2.6791,0,66,16.7073,
DSH_E02_Halberd,25.202,-2.8074,1.5225,-0.1722,2.6282,4,129,16.1873,4.0/-2.0/-6.0|4.0/-2.0/-4.0|4.0/-2.0/2.0|4.0/-2.0/8.0|
DSH_E03_Talos,25.202,0.4597,1.2658,-0.1312,3.0917,0,73,17.5535,
DSH_E01_Skimmer,25.401,0.4382,0.5922,-0.1269,2.6763,0,66,16.7618,
DSH_E02_Halberd,25.401,-2.8410,1.5279,-0.1644,2.6363,4,129,16.2383,4.0/-2.0/-6.0|4.0/-2.0/-4.0|4.0/-2.0/2.0|4.0/-2.0/8.0|
DSH_E03_Talos,25.401,0.4351,1.2759,-0.1242,3.0921,0,73,17.6276,
DSH_E01_Skimmer,25.608,0.4156,0.5378,-0.1195,2.6751,0,66,16.8186,
DSH_E02_Halberd,25.608,-2.8746,1.5329,-0.1570,2.6439,4,129,16.2913,4.0/-2.0/-6.0|4.0/-2.0/-4.0|4.0/-2.0/2.0|4.0/-2.0/8.0|
DSH_E03_Talos,25.608,0.4109,1.2862,-0.1177,3.0954,0,73,17.7051,
DSH_E01_Skimmer,25.801,0.3925,0.5730,-0.1128,2.6733,0,66,16.8767,
DSH_E02_Halberd,25.801,-2.9043,1.5374,-0.1499,2.6478,4,129,16.3421,4.0/-2.0/-6.0|4.0/-2.0/-4.0|4.0/-2.0/2.0|4.0/-2.0/8.0|
DSH_E03_Talos,25.801,0.3892,1.2903,-0.1116,3.0987,0,73,17.7856,
DSH_E01_Skimmer,26.005,0.3760,0.4515,-0.1068,2.4835,0,66,16.9992,
DSH_E02_Halberd,26.005,-2.9344,1.5428,-0.1432,2.6525,4,129,16.3924,4.0/-2.0/-6.0|4.0/-2.0/-4.0|4.0/-2.0/2.0|4.0/-2.0/8.0|
DSH_E03_Talos,26.005,0.3665,1.1935,-0.1064,2.8860,0,73,17.9435,
DSH_E01_Skimmer,26.209,0.3781,0.4083,-0.1055,1.8739,0,66,17.2536,
DSH_E02_Halberd,26.209,-2.9632,1.5470,-0.1367,2.6563,1,129,16.4453,4.0/-2.0/-4.0|
DSH_E03_Talos,26.209,0.3568,0.8682,-0.1073,2.1854,0,73,18.2493,
DSH_E01_Skimmer,26.409,0.3815,1.0596,-0.1051,1.1420,0,66,17.5179,
DSH_E02_Halberd,26.409,-2.9854,1.5055,-0.0983,2.6585,1,129,16.4937,4.0/-2.0/-4.0|
DSH_E03_Talos,26.409,0.3686,0.5968,-0.1138,1.2482,0,73,18.5536,
DSH_E01_Skimmer,26.606,0.3630,1.2787,-0.1010,1.2351,0,66,17.6963,
DSH_E02_Halberd,26.606,-2.9890,1.3300,-0.0163,2.6632,4,129,16.5413,4.0/-2.0/-6.0|4.0/-2.0/-4.0|4.0/-2.0/2.0|4.0/-2.0/8.0|
DSH_E03_Talos,26.606,0.3806,0.7491,-0.1180,0.6141,0,73,18.6732,
DSH_E01_Skimmer,26.801,0.3391,1.2960,-0.0965,1.6545,0,66,17.8146,
DSH_E02_Halberd,26.801,-2.9938,1.2927,-0.0430,2.6696,1,129,16.5944,4.0/-2.0/-4.0|
DSH_E03_Talos,26.801,0.3695,1.1663,-0.1101,1.0781,0,73,18.5677,
DSH_E01_Skimmer,27.002,0.3162,1.2613,-0.0916,2.0030,0,66,17.9016,
DSH_E02_Halberd,27.002,-3.0011,1.3100,-0.0118,2.4707,1,129,16.7102,4.0/-2.0/-4.0|
DSH_E03_Talos,27.002,0.3447,1.5389,-0.1031,1.7268,0,73,18.2901,
DSH_E01_Skimmer,27.207,0.2960,1.2300,-0.0867,2.2491,0,66,17.9719,
DSH_E02_Halberd,27.207,-2.9901,1.1704,0.0636,1.8452,1,129,16.9636,4.0/-2.0/-4.0|
DSH_E03_Talos,27.207,0.3189,1.6850,-0.0966,2.1930,0,73,17.8866,
DSH_E01_Skimmer,27.405,0.2785,1.2179,-0.0819,2.4156,0,66,18.0281,
DSH_E02_Halberd,27.405,-2.9748,1.1318,0.0402,1.1217,4,129,17.2251,4.0/-2.0/-6.0|4.0/-2.0/-4.0|4.0/-2.0/2.0|4.0/-2.0/8.0|
DSH_E03_Talos,27.405,0.3000,1.6716,-0.0905,2.4925,0,73,17.4224,
DSH_E01_Skimmer,27.609,0.2620,1.2168,-0.0773,2.5298,0,66,18.0820,
DSH_E02_Halberd,27.609,-2.9833,1.3852,0.0004,1.2525,1,129,17.4044,4.0/-2.0/-4.0|
DSH_E03_Talos,27.609,0.2905,1.4734,-0.0855,2.4117,0,73,16.9436,
DSH_E01_Skimmer,27.805,0.2458,1.2190,-0.0731,2.5387,0,66,18.1214,
DSH_E02_Halberd,27.805,-2.9852,1.4697,0.0270,1.6915,1,129,17.5149,4.0/-2.0/-4.0|
DSH_E03_Talos,27.805,0.2798,1.1764,-0.0810,2.3006,0,73,16.6111,
DSH_E01_Skimmer,28.002,0.2205,1.1724,-0.0685,2.2120,0,66,18.0485,
DSH_E02_Halberd,28.002,-2.9694,1.3507,0.0518,2.0506,4,129,17.5910,4.0/-2.0/-6.0|4.0/-2.0/-4.0|4.0/-2.0/2.0|4.0/-2.0/8.0|
DSH_E03_Talos,28.002,0.2661,1.1357,-0.0770,2.4331,0,73,16.3915,
DSH_E01_Skimmer,28.209,0.1913,1.0961,-0.0631,2.0387,0,66,17.8235,
DSH_E02_Halberd,28.209,-2.9692,1.4447,-0.0057,2.3026,4,129,17.6512,4.0/-2.0/-6.0|4.0/-2.0/-4.0|4.0/-2.0/2.0|4.0/-2.0/8.0|
DSH_E03_Talos,28.209,0.2508,1.1658,-0.0731,2.6087,0,73,16.2548,
DSH_E01_Skimmer,28.410,0.1710,1.0895,-0.0576,2.2041,0,66,17.5023,
DSH_E02_Halberd,28.410,-2.9811,1.5941,-0.0402,2.4756,1,129,17.6982,4.0/-2.0/-4.0|
DSH_E03_Talos,28.410,0.2368,1.1732,-0.0694,2.7621,0,73,16.1836,
DSH_E01_Skimmer,28.609,0.1644,1.1213,-0.0529,2.2832,0,66,17.1678,
DSH_E02_Halberd,28.609,-2.9897,1.6204,-0.0409,2.5959,4,129,17.7411,4.0/-2.0/-6.0|4.0/-2.0/-4.0|4.0/-2.0/2.0|4.0/-2.0/8.0|
DSH_E03_Talos,28.609,0.2239,1.1727,-0.0658,2.8712,0,73,16.1592,
DSH_E01_Skimmer,28.803,0.1683,1.1547,-0.0498,2.2996,0,66,16.9376,
DSH_E02_Halberd,28.803,-3.0015,1.6500,-0.0655,2.6759,4,129,17.7830,4.0/-2.0/-6.0|4.0/-2.0/-4.0|4.0/-2.0/2.0|4.0/-2.0/8.0|
DSH_E03_Talos,28.803,0.2121,1.1785,-0.0625,2.9478,0,73,16.1683,
DSH_E01_Skimmer,29.009,0.1689,1.2195,-0.0480,2.3994,0,66,16.7854,
DSH_E02_Halberd,29.009,-3.0186,1.6893,-0.0809,2.7318,4,129,17.8251,4.0/-2.0/-6.0|4.0/-2.0/-4.0|4.0/-2.0/2.0|4.0/-2.0/8.0|
DSH_E03_Talos,29.009,0.2006,1.1957,-0.0593,2.9995,0,73,16.1979,
DSH_E01_Skimmer,29.202,0.1639,1.2513,-0.0466,2.5021,0,66,16.7071,
DSH_E02_Halberd,29.202,-3.0360,1.7104,-0.0899,2.7702,4,129,17.8681,4.0/-2.0/-6.0|4.0/-2.0/-4.0|4.0/-2.0/2.0|4.0/-2.0/8.0|
DSH_E03_Talos,29.202,0.1900,1.2092,-0.0563,3.0332,0,73,16.2448,
DSH_E01_Skimmer,29.407,0.1547,1.2563,-0.0450,2.5873,0,66,16.6680,
DSH_E02_Halberd,29.407,-3.0555,1.7211,-0.0947,2.7966,4,129,17.9127,4.0/-2.0/-6.0|4.0/-2.0/-4.0|4.0/-2.0/2.0|4.0/-2.0/8.0|
DSH_E03_Talos,29.407,0.1796,1.2302,-0.0535,3.0545,0,73,16.3026,
DSH_E01_Skimmer,29.611,0.1446,1.2520,-0.0432,2.6464,0,66,16.6627,
DSH_E02_Halberd,29.611,-3.0753,1.7251,-0.0965,2.8162,4,129,17.9589,4.0/-2.0/-6.0|4.0/-2.0/-4.0|4.0/-2.0/2.0|4.0/-2.0/8.0|
DSH_E03_Talos,29.611,0.1696,1.2490,-0.0509,3.0705,0,73,16.3686,
DSH_E01_Skimmer,29.808,0.1350,1.2488,-0.0412,2.6868,0,66,16.6812,
DSH_E02_Halberd,29.808,-3.0947,1.7275,-0.0964,2.8287,4,129,18.0063,4.0/-2.0/-6.0|4.0/-2.0/-4.0|4.0/-2.0/2.0|4.0/-2.0/8.0|
DSH_E03_Talos,29.808,0.1603,1.2655,-0.0483,3.0782,0,73,16.4394,
DSH_E01_Skimmer,30.003,0.1261,1.2487,-0.0392,2.7140,0,66,16.7117,
DSH_E02_Halberd,30.003,-3.1133,1.7309,-0.0950,2.8392,4,129,18.0515,4.0/-2.0/-6.0|4.0/-2.0/-4.0|4.0/-2.0/2.0|4.0/-2.0/8.0|
DSH_E03_Talos,30.003,0.1516,1.2865,-0.0459,3.0855,0,73,16.5090,
DSH_E01_Skimmer,30.205,0.1177,1.2498,-0.0371,2.7322,0,66,16.7575,
DSH_E02_Halberd,30.205,-3.1324,1.7339,-0.0928,2.8446,4,129,18.1021,4.0/-2.0/-6.0|4.0/-2.0/-4.0|4.0/-2.0/2.0|4.0/-2.0/8.0|
DSH_E03_Talos,30.205,0.1429,1.3012,-0.0437,3.0924,0,73,16.5883,
DSH_E01_Skimmer,30.411,0.1115,1.2425,-0.0351,2.6990,0,66,16.8358,
DSH_E02_Halberd,30.411,-3.1517,1.7459,-0.0900,2.6213,4,129,18.0948,4.0/-2.0/-6.0|4.0/-2.0/-4.0|4.0/-2.0/2.0|4.0/-2.0/8.0|
DSH_E03_Talos,30.411,0.1332,1.2703,-0.0415,3.0461,0,73,16.7006,
DSH_E01_Skimmer,30.611,0.1124,1.1278,-0.0349,2.2936,0,66,17.0304,
DSH_E02_Halberd,30.611,-3.1695,1.7495,-0.0869,2.2596,4,129,17.9351,4.0/-2.0/-6.0|4.0/-2.0/-4.0|4.0/-2.0/2.0|4.0/-2.0/8.0|
DSH_E03_Talos,30.611,0.1115,0.9659,-0.0417,2.5740,0,73,16.9413,
DSH_E01_Skimmer,30.804,0.1092,0.8451,-0.0370,1.5298,0,66,17.3059,
DSH_E02_Halberd,30.804,-3.1855,1.7414,-0.0837,2.2460,4,129,17.6603,4.0/-2.0/-6.0|4.0/-2.0/-4.0|4.0/-2.0/2.0|4.0/-2.0/8.0|
DSH_E03_Talos,30.804,0.0635,0.6262,-0.1849,1.7017,0,73,17.2613,
DSH_E01_Skimmer,31.002,0.0934,0.4559,-0.0549,1.0674,0,66,17.5355,
DSH_E02_Halberd,31.002,-3.2019,1.7445,-0.0804,2.4365,4,129,17.3089,4.0/-2.0/-6.0|4.0/-2.0/-4.0|4.0/-2.0/2.0|4.0/-2.0/8.0|
DSH_E03_Talos,31.002,-0.0672,0.8180,-0.8234,1.2403,0,73,17.5123,
DSH_E01_Skimmer,31.207,0.0472,0.2431,-0.4012,1.3675,0,66,17.6910,
DSH_E02_Halberd,31.207,-3.2186,1.7549,-0.0771,2.4096,4,129,16.9984,4.0/-2.0/-6.0|4.0/-2.0/-4.0|4.0/-2.0/2.0|4.0/-2.0/8.0|
DSH_E03_Talos,31.207,-0.2940,1.1625,-1.0432,1.6082,0,73,17.6740,
DSH_E01_Skimmer,31.409,-0.1174,0.4997,-1.1275,1.7535,0,66,17.7859,
DSH_E02_Halberd,31.409,-3.2337,1.7531,-0.0738,2.3585,4,129,16.8210,4.0/-2.0/-6.0|4.0/-2.0/-4.0|4.0/-2.0/2.0|4.0/-2.0/8.0|
DSH_E03_Talos,31.409,-0.4772,1.2799,-0.7052,2.0548,0,73,17.7834,
DSH_E01_Skimmer,31.606,-0.3644,0.6890,-1.2111,2.0571,0,66,17.8483,
DSH_E02_Halberd,31.606,-3.2461,1.7128,-0.0709,1.8762,4,129,16.8310,4.0/-2.0/-6.0|4.0/-2.0/-4.0|4.0/-2.0/2.0|4.0/-2.0/8.0|
DSH_E03_Talos,31.606,-0.5851,1.2743,-0.4265,2.3934,0,73,17.8678,
DSH_E01_Skimmer,31.800,-0.5615,0.4507,-0.7973,2.2687,0,66,17.9024,
DSH_E02_Halberd,31.800,-3.2562,1.6347,-0.0686,1.1279,4,129,16.9939,4.0/-2.0/-6.0|4.0/-2.0/-4.0|4.0/-2.0/2.0|4.0/-2.0/8.0|
DSH_E03_Talos,31.800,-0.6464,1.2418,-0.2346,2.6246,0,73,17.9403,
DSH_E01_Skimmer,32.001,-0.6888,0.2247,-0.4793,2.4073,0,66,17.9546,
DSH_E02_Halberd,32.001,-3.2668,1.5710,-0.0657,0.8064,4,129,17.1571,4.0/-2.0/-6.0|4.0/-2.0/-4.0|4.0/-2.0/2.0|4.0/-2.0/8.0|
DSH_E03_Talos,32.001,-0.6785,1.2205,-0.1036,2.7828,0,73,18.0072,
DSH_E01_Skimmer,32.203,-0.7623,0.0442,-0.2604,2.4952,0,66,18.0091,
DSH_E02_Halberd,32.203,-3.2787,1.5462,-0.0628,1.2760,4,129,17.2623,4.0/-2.0/-6.0|4.0/-2.0/-4.0|4.0/-2.0/2.0|4.0/-2.0/8.0|
DSH_E03_Talos,32.203,-0.6893,1.2135,-0.0149,2.8859,0,73,18.0757,
DSH_E01_Skimmer,32.409,-0.7996,0.1282,-0.1108,2.5482,0,66,18.0625,
DSH_E02_Halberd,32.409,-3.2911,1.5436,-0.0601,1.7094,4,129,17.3331,4.0/-2.0/-6.0|4.0/-2.0/-4.0|4.0/-2.0/2.0|4.0/-2.0/8.0|
DSH_E03_Talos,32.409,-0.6810,1.1947,0.0439,2.6925,0,73,18.0796,
DSH_E01_Skimmer,32.607,-0.8120,0.2784,-0.0095,2.5812,0,66,18.1147,
DSH_E02_Halberd,32.607,-3.3030,1.5476,-0.0575,2.0162,4,129,17.3844,4.0/-2.0/-6.0|4.0/-2.0/-4.0|4.0/-2.0/2.0|4.0/-2.0/8.0|
DSH_E03_Talos,32.607,-0.6484,1.2361,0.0814,2.3330,0,73,17.9153,
DSH_E01_Skimmer,32.807,-0.8103,0.4559,0.0580,2.5324,0,66,18.1565,
DSH_E02_Halberd,32.807,-3.3143,1.5520,-0.0549,2.2230,4,129,17.4282,4.0/-2.0/-6.0|4.0/-2.0/-4.0|4.0/-2.0/2.0|4.0/-2.0/8.0|
DSH_E03_Talos,32.807,-0.6086,1.4715,0.1031,2.3586,0,73,17.6083,
DSH_E01_Skimmer,33.007,-0.8058,0.8062,0.1026,2.1690,0,66,18.0810,
DSH_E02_Halberd,33.007,-3.3252,1.5557,-0.0524,2.3632,4,129,17.4667,4.0/-2.0/-6.0|4.0/-2.0/-4.0|4.0/-2.0/2.0|4.0/-2.0/8.0|
DSH_E03_Talos,33.007,-0.5837,1.5747,0.1147,2.5864,0,73,17.2215,
DSH_E01_Skimmer,33.207,-0.7872,0.9663,0.1312,1.9922,0,66,17.8615,
DSH_E02_Halberd,33.207,-3.3356,1.5578,-0.0501,2.4570,4,129,17.5071,4.0/-2.0/-6.0|4.0/-2.0/-4.0|4.0/-2.0/2.0|4.0/-2.0/8.0|
DSH_E03_Talos,33.207,-0.5779,1.3290,0.1214,2.5559,0,73,16.8918,
DSH_E01_Skimmer,33.403,-0.7600,0.9782,0.1482,2.1615,0,66,17.5488,
DSH_E02_Halberd,33.403,-3.3452,1.5603,-0.0478,2.5195,4,129,17.5449,4.0/-2.0/-6.0|4.0/-2.0/-4.0|4.0/-2.0/2.0|4.0/-2.0/8.0|
DSH_E03_Talos,33.403,-0.5718,1.2113,0.1257,2.6393,0,73,16.6844,
DSH_E01_Skimmer,33.605,-0.7265,0.7901,0.1570,2.2208,0,66,17.2070,
DSH_E02_Halberd,33.605,-3.3544,1.5580,-0.0392,2.5625,1,129,17.5851,4.0/-2.0/-4.0|
DSH_E03_Talos,33.605,-0.5559,1.2590,0.1277,2.7557,0,73,16.5589,
DSH_E01_Skimmer,33.805,-0.6874,0.4639,0.1601,2.2155,0,66,16.9681,
DSH_E02_Halberd,33.805,-3.3533,1.4637,0.0150,2.5901,1,129,17.6271,4.0/-2.0/-4.0|
DSH_E03_Talos,33.805,-0.5327,1.2869,0.1273,2.8657,0,73,16.4992,
DSH_E01_Skimmer,34.008,-0.6537,0.3415,0.1592,2.3060,0,66,16.8165,
DSH_E02_Halberd,34.008,-3.3405,1.3325,0.0282,2.6137,1,129,17.6674,4.0/-2.0/-4.0|
DSH_E03_Talos,34.008,-0.5062,1.2888,0.1250,2.9468,0,73,16.4812,
DSH_E01_Skimmer,34.202,-0.6264,0.3952,0.1563,2.4047,0,66,16.7343,
DSH_E02_Halberd,34.202,-3.3365,1.3627,0.0367,2.6305,1,129,17.7095,4.0/-2.0/-4.0|
DSH_E03_Talos,34.202,-0.4810,1.2865,0.1214,3.0021,0,73,16.4982,
DSH_E01_Skimmer,34.400,-0.6035,0.5706,0.1522,2.4906,0,66,16.6914,
DSH_E02_Halberd,34.400,-3.3207,1.2857,0.0971,2.6404,1,129,17.7517,4.0/-2.0/-4.0|
DSH_E03_Talos,34.400,-0.4558,1.2920,0.1169,3.0394,0,73,16.5351,
DSH_E01_Skimmer,34.611,-0.5709,0.5518,0.1474,2.5504,0,66,16.6793,
DSH_E02_Halberd,34.611,-3.2801,1.0461,0.1910,2.6514,1,129,17.7956,4.0/-2.0/-4.0|
DSH_E03_Talos,34.611,-0.4305,1.3027,0.1120,3.0645,0,73,16.5896,
DSH_E01_Skimmer,34.811,-0.5407,0.5319,0.1417,2.5888,0,66,16.6950,
DSH_E02_Halberd,34.811,-3.2429,1.0060,0.1406,2.6634,1,129,17.8393,4.0/-2.0/-4.0|
DSH_E03_Talos,34.811,-0.4081,1.3082,0.1068,3.0810,0,73,16.6601,
DSH_E01_Skimmer,35.006,-0.5127,0.5418,0.1359,2.4439,0,66,16.7735,
DSH_E02_Halberd,35.006,-3.2266,1.1870,0.1211,2.6700,1,129,17.8800,4.0/-2.0/-4.0|
DSH_E03_Talos,35.006,-0.3890,1.2268,0.1012,2.9072,0,73,16.7980,
DSH_E01_Skimmer,35.209,-0.4669,0.4950,0.1273,1.8711,0,66,16.9948,
DSH_E02_Halberd,35.209,-3.1983,1.1789,0.1621,2.6728,1,129,17.9255,4.0/-2.0/-4.0|
DSH_E03_Talos,35.209,-0.3608,0.9085,0.0905,2.2417,0,73,17.0904,
DSH_E01_Skimmer,35.406,-0.4185,1.0353,0.1154,1.1261,0,66,17.2521,
DSH_E02_Halberd,35.406,-3.1497,0.9732,0.2423,2.6755,1,129,17.9678,4.0/-2.0/-4.0|
DSH_E03_Talos,35.406,-0.3138,0.6120,0.0816,1.3587,0,73,17.4015,
DSH_E01_Skimmer,35.605,-0.3908,1.2825,0.1078,1.1727,0,66,17.4354,
DSH_E02_Halberd,35.605,-3.0778,0.6726,0.3377,2.6837,1,129,18.0100,4.0/-2.0/-4.0|
DSH_E03_Talos,35.605,-0.2643,0.8106,0.0761,1.3418,0,73,17.6207,
DSH_E01_Skimmer,35.810,-0.3719,1.3166,0.1010,1.6089,0,66,17.5608,
DSH_E02_Halberd,35.810,-2.9931,0.5009,0.4001,2.6944,1,129,18.0598,4.0/-2.0/-4.0|
DSH_E03_Talos,35.810,-0.2305,1.0916,0.0692,1.7946,0,73,17.7722,
DSH_E01_Skimmer,36.008,-0.3557,1.2872,0.0951,1.9745,0,66,17.6470,
DSH_E02_Halberd,36.008,-2.9138,0.6278,0.4360,2.5476,1,129,18.1608,4.0/-2.0/-4.0|
DSH_E03_Talos,36.008,-0.2120,1.1754,0.0625,2.1985,0,73,17.8772,
DSH_E01_Skimmer,36.207,-0.3389,1.2579,0.0899,2.2328,0,66,17.7166,
DSH_E02_Halberd,36.207,-2.8222,0.5747,0.4528,1.9758,1,129,18.3953,4.0/-2.0/-4.0|
DSH_E03_Talos,36.207,-0.2001,1.1623,0.0569,2.4897,0,73,17.9621,
DSH_E01_Skimmer,36.411,-0.3221,1.2443,0.0851,2.4066,0,66,17.7767,
DSH_E02_Halberd,36.411,-2.7297,0.5811,0.4564,1.1906,1,129,18.6728,4.0/-2.0/-4.0|
DSH_E03_Talos,36.411,-0.1897,1.1381,0.0523,2.6863,0,73,18.0351,
DSH_E01_Skimmer,36.608,-0.3063,1.2418,0.0806,2.5256,0,66,17.8304,
DSH_E02_Halberd,36.608,-2.6411,0.5788,0.4518,0.6483,1,129,18.7992,4.0/-2.0/-4.0|
DSH_E03_Talos,36.608,-0.1800,1.1280,0.0485,2.8214,0,73,18.1004,
DSH_E01_Skimmer,36.800,-0.2915,1.2435,0.0763,2.6038,0,66,17.8838,
DSH_E02_Halberd,36.800,-2.5555,0.5771,0.4421,0.9459,1,129,18.7229,4.0/-2.0/-4.0|
DSH_E03_Talos,36.800,-0.1701,1.1335,0.0451,2.8596,0,73,18.1577,
DSH_E01_Skimmer,37.001,-0.2773,1.2476,0.0723,2.6571,0,66,17.9371,
DSH_E02_Halberd,37.001,-2.4683,0.5774,0.4288,1.5174,1,129,18.4839,4.0/-2.0/-4.0|
DSH_E03_Talos,37.001,-0.1602,1.1700,0.0419,2.5141,0,73,18.1007,
DSH_E01_Skimmer,37.202,-0.2635,1.2501,0.0686,2.6933,0,66,17.9936,
DSH_E02_Halberd,37.202,-2.3835,0.5757,0.4134,1.9347,1,129,18.1362,4.0/-2.0/-4.0|
DSH_E03_Talos,37.202,-0.1602,1.3519,0.0395,2.2842,0,73,17.8747,
DSH_E01_Skimmer,37.408,-0.2507,1.2527,0.0650,2.7157,0,66,18.0513,
DSH_E02_Halberd,37.408,-2.2999,0.5716,0.3968,2.2184,1,129,17.7045,4.0/-2.0/-4.0|
DSH_E03_Talos,37.408,-0.1599,1.5802,0.0379,2.4589,0,73,17.5151,
DSH_E01_Skimmer,37.604,-0.2391,1.2549,0.0617,2.7325,0,66,18.1067,
DSH_E02_Halberd,37.604,-2.2244,0.5764,0.3797,2.4093,1,129,17.2487,4.0/-2.0/-4.0|
DSH_E03_Talos,37.604,-0.1481,1.5533,0.0361,2.5862,0,73,17.1381,
DSH_E01_Skimmer,37.802,-0.2286,1.2545,0.0585,2.6976,0,66,18.1593,
DSH_E02_Halberd,37.802,-2.1508,0.5754,0.3624,2.5363,1,129,16.7564,4.0/-2.0/-4.0|
DSH_E03_Talos,37.802,-0.1329,1.2790,0.0339,2.5785,0,73,16.8595,
DSH_E01_Skimmer,38.002,-0.2275,1.1940,0.0560,2.3348,0,66,18.1106,
DSH_E02_Halberd,38.002,-2.0803,0.5815,0.3454,2.5411,1,129,16.2471,4.0/-2.0/-4.0|
DSH_E03_Talos,38.002,-0.1213,1.2087,0.0315,2.6832,0,73,16.6825,
DSH_E01_Skimmer,38.210,-0.2313,1.0774,0.0546,2.0773,0,66,17.9042,
DSH_E02_Halberd,38.210,-2.0096,0.5720,0.3287,2.2226,1,129,15.7963,4.0/-2.0/-4.0|
DSH_E03_Talos,38.210,-0.1130,1.2318,0.0291,2.7972,0,73,16.5819,
DSH_E01_Skimmer,38.401,-0.2291,1.0397,0.0538,2.1966,0,66,17.6143,
DSH_E02_Halberd,38.401,-1.9484,0.5740,0.3126,2.1749,1,129,15.5194,4.0/-2.0/-4.0|
DSH_E03_Talos,38.401,-0.1072,1.2460,0.0270,2.8969,0,73,16.5397,
DSH_E01_Skimmer,38.609,-0.2158,1.0796,0.0526,2.3082,0,66,17.2650,
DSH_E02_Halberd,38.609,-1.8855,0.5808,0.2732,2.2913,4,129,15.3274,4.0/-2.0/-6.0|4.0/-2.0/-4.0|4.0/-2.0/2.0|4.0/-2.0/8.0|
DSH_E03_Talos,38.609,-0.1014,1.2543,0.0251,2.9661,0,73,16.5335,
DSH_E01_Skimmer,38.804,-0.1929,1.1399,0.0502,2.3081,0,66,17.0289,
DSH_E02_Halberd,38.804,-1.8687,0.9037,0.0850,2.4345,1,129,15.2219,4.0/-2.0/-4.0|
DSH_E03_Talos,38.804,-0.0975,1.2639,0.0063,3.0130,0,73,16.5574,
DSH_E01_Skimmer,39.002,-0.1730,1.2243,0.0468,2.4033,0,66,16.8794,
DSH_E02_Halberd,39.002,-1.8737,1.1978,0.0138,2.5559,1,129,15.1639,4.0/-2.0/-4.0|
DSH_E03_Talos,39.002,-0.0994,1.2825,-0.0207,3.0447,0,73,16.5952,
DSH_E01_Skimmer,39.211,-0.1588,1.2712,0.0432,2.5026,0,66,16.7935,
DSH_E02_Halberd,39.211,-1.8699,1.1735,0.0220,2.6444,1,129,15.1455,4.0/-2.0/-4.0|
DSH_E03_Talos,39.211,-0.1019,1.2981,-0.0075,3.0668,0,73,16.6529,
DSH_E01_Skimmer,39.400,-0.1493,1.2750,0.0399,2.5365,0,66,16.7732,
DSH_E02_Halberd,39.400,-1.8503,0.9419,0.0814,2.7056,1,129,15.1520,4.0/-2.0/-4.0|
DSH_E03_Talos,39.400,-0.1028,1.2853,0.0020,3.0449,0,73,16.7340,
DSH_E01_Skimmer,39.602,-0.1346,1.1881,0.0357,2.1850,0,66,16.8821,
DSH_E02_Halberd,39.602,-1.8461,0.9649,-0.0451,2.7414,4,129,15.1757,4.0/-2.0/-6.0|4.0/-2.0/-4.0|4.0/-2.0/2.0|4.0/-2.0/8.0|
DSH_E03_Talos,39.602,-0.1124,1.0249,0.0064,2.6212,0,73,16.9434,
DSH_E01_Skimmer,39.811,-0.1220,0.9089,0.0293,1.4783,0,66,17.1327,
DSH_E02_Halberd,39.811,-1.8790,1.2786,-0.1177,2.7681,1,129,15.2164,4.0/-2.0/-4.0|
DSH_E03_Talos,39.811,-0.1450,0.6306,0.0054,1.7762,0,73,17.2803,
DSH_E01_Skimmer,40.004,-0.1233,0.5264,0.0278,0.9789,0,66,17.3421,
DSH_E02_Halberd,40.004,-1.9053,1.3523,-0.1084,2.7913,1,129,15.2598,4.0/-2.0/-4.0|
DSH_E03_Talos,40.004,-0.1794,0.7449,0.0152,1.2226,0,73,17.5374,
DSH_E01_Skimmer,40.205,-0.1248,0.2812,0.0277,1.2946,0,66,17.4902,
DSH_E02_Halberd,40.205,-1.9143,1.1848,-0.0647,2.8073,4,129,15.3150,4.0/-2.0/-6.0|4.0/-2.0/-4.0|4.0/-2.0/2.0|4.0/-2.0/8.0|
DSH_E03_Talos,40.205,-0.1979,1.1016,0.0245,1.5644,0,73,17.7174,
DSH_E01_Skimmer,40.409,-0.1219,0.2705,0.0276,1.7059,0,66,17.5943,
DSH_E02_Halberd,40.409,-1.9406,1.2560,-0.1533,2.7811,4,129,15.3948,4.0/-2.0/-6.0|4.0/-2.0/-4.0|4.0/-2.0/2.0|4.0/-2.0/8.0|
DSH_E03_Talos,40.409,-0.1998,1.2632,0.0313,2.0178,0,73,17.8428,
DSH_E01_Skimmer,40.608,-0.1163,0.3421,0.0271,2.0194,0,66,17.6723,
DSH_E02_Halberd,40.608,-1.9843,1.4169,-0.1996,2.3907,1,129,15.5837,4.0/-2.0/-4.0|
DSH_E03_Talos,40.608,-0.1934,1.2749,0.0354,2.3662,0,73,17.9357,
DSH_E01_Skimmer,40.811,-0.1088,0.4126,0.0262,2.2363,0,66,17.7399,
DSH_E02_Halberd,40.811,-2.0209,1.3649,-0.1764,1.6027,4,129,15.8776,4.0/-2.0/-6.0|4.0/-2.0/-4.0|4.0/-2.0/2.0|4.0/-2.0/8.0|
DSH_E03_Talos,40.811,-0.1845,1.2440,0.0375,2.6057,0,73,18.0152,
DSH_E01_Skimmer,41.005,-0.1016,0.4622,0.0251,2.3849,0,66,17.7972,
DSH_E02_Halberd,41.005,-2.0579,1.3265,-0.2151,1.0467,1,129,16.1078,4.0/-2.0/-4.0|
DSH_E03_Talos,41.005,-0.1760,1.2229,0.0383,2.7693,0,73,18.0811,
DSH_E01_Skimmer,41.210,-0.0961,0.5067,-0.0079,2.4851,0,66,17.8582,
DSH_E02_Halberd,41.210,-2.0993,1.2994,-0.1918,1.3267,1,129,16.2663,4.0/-2.0/-4.0|
DSH_E03_Talos,41.210,-0.1675,1.2148,0.0380,2.8794,0,73,18.1512,
DSH_E01_Skimmer,41.411,-0.1005,0.5345,-0.0334,2.5496,0,66,17.9160,
DSH_E02_Halberd,41.411,-2.1230,1.1295,-0.1186,1.7217,1,129,16.3696,4.0/-2.0/-4.0|
DSH_E03_Talos,41.411,-0.1563,1.1981,0.0371,2.7340,0,73,18.1661,
DSH_E01_Skimmer,41.608,-0.1042,0.5367,-0.0147,2.5942,0,66,17.9740,
DSH_E02_Halberd,41.608,-2.1385,1.0110,-0.1286,2.0301,1,129,16.4437,4.0/-2.0/-4.0|
DSH_E03_Talos,41.608,-0.1304,1.2163,0.0350,2.3550,0,73,18.0178,
DSH_E01_Skimmer,41.801,-0.1058,0.5162,-0.0022,2.6209,0,66,18.0340,
DSH_E02_Halberd,41.801,-2.1716,1.1400,-0.1420,2.2417,1,129,16.5025,4.0/-2.0/-4.0|
DSH_E03_Talos,41.801,-0.1027,1.4340,0.0312,2.3362,0,73,17.7348,
DSH_E01_Skimmer,42.003,-0.1072,0.4546,0.0063,2.6381,0,66,18.0953,
DSH_E02_Halberd,42.003,-2.1962,1.1359,-0.0933,2.3841,1,129,16.5549,4.0/-2.0/-4.0|
DSH_E03_Talos,42.003,-0.0962,1.5702,-0.0409,2.5695,0,73,17.3480,
DSH_E01_Skimmer,42.202,-0.1083,0.3658,0.0121,2.6484,0,66,18.1584,
DSH_E02_Halberd,42.202,-2.1979,0.9423,-0.0047,2.4824,1,129,16.6056,4.0/-2.0/-4.0|
DSH_E03_Talos,42.202,-0.1198,1.3548,-0.0256,2.5498,0,73,17.0061,
DSH_E01_Skimmer,42.404,-0.1146,0.1170,0.0161,2.4502,0,66,18.1789,
DSH_E02_Halberd,42.404,-2.1746,0.6471,0.1012,2.5520,1,129,16.6551,4.0/-2.0/-4.0|
DSH_E03_Talos,42.404,-0.1426,1.2063,-0.0074,2.6254,0,73,16.7798,
DSH_E01_Skimmer,42.604,-0.1343,0.6486,0.0200,2.0663,0,66,18.0516,
DSH_E02_Halberd,42.604,-2.1503,0.6101,0.0680,2.6062,1,129,16.7039,4.0/-2.0/-4.0|
DSH_E03_Talos,42.604,-0.1531,1.2526,0.0060,2.7418,0,73,16.6468,
DSH_E01_Skimmer,42.806,-0.1423,1.1283,0.0236,2.0318,0,66,17.7913,
DSH_E02_Halberd,42.806,-2.1621,0.9822,-0.0001,2.6353,1,129,16.7558,4.0/-2.0/-4.0|
DSH_E03_Talos,42.806,-0.1539,1.2857,0.0152,2.8536,0,73,16.5802,
DSH_E01_Skimmer,43.008,-0.1362,1.0880,0.0259,2.2321,0,66,17.4509,
DSH_E02_Halberd,43.008,-2.1665,1.0823,0.0108,2.6507,1,129,16.8063,4.0/-2.0/-4.0|
DSH_E03_Talos,43.008,-0.1495,1.2888,0.0211,2.9379,0,73,16.5572,
DSH_E01_Skimmer,43.208,-0.1229,0.7322,0.0266,2.1996,0,66,17.1495,
DSH_E02_Halberd,43.208,-2.1508,0.9068,0.0730,2.6627,1,129,16.8599,4.0/-2.0/-4.0|
DSH_E03_Talos,43.208,-0.1436,1.2863,0.0246,2.9955,0,73,16.5707,
DSH_E01_Skimmer,43.402,-0.1096,0.3966,0.0261,2.2547,0,66,16.9573,
DSH_E02_Halberd,43.402,-2.1157,0.6243,0.1528,2.6741,1,129,16.9109,4.0/-2.0/-4.0|
DSH_E03_Talos,43.402,-0.1370,1.2912,0.0265,3.0346,0,73,16.6033,
DSH_E01_Skimmer,43.607,-0.1039,0.3084,0.0251,2.3526,0,66,16.8328,
DSH_E02_Halberd,43.607,-2.0723,0.5001,0.2048,2.6882,1,129,16.9648,4.0/-2.0/-4.0|
DSH_E03_Talos,43.607,-0.1302,1.3010,0.0271,3.0609,0,73,16.6532,
DSH_E01_Skimmer,43.809,-0.1039,0.4102,0.0242,2.4428,0,66,16.7701,
DSH_E02_Halberd,43.809,-2.0311,0.6152,0.2363,2.6936,1,129,17.0220,4.0/-2.0/-4.0|
DSH_E03_Talos,43.809,-0.1241,1.3069,0.0270,3.0783,0,73,16.7215,
DSH_E01_Skimmer,44.012,-0.1033,0.5040,0.0238,2.3570,0,66,16.7871,
DSH_E02_Halberd,44.012,-1.9785,0.5532,0.2535,2.6970,1,129,17.0772,4.0/-2.0/-4.0|
DSH_E03_Talos,44.012,-0.1198,1.2394,0.0262,2.9427,0,73,16.8532,
DSH_E01_Skimmer,44.202,-0.0884,0.2755,-0.0436,1.8382,0,66,16.9475,
DSH_E02_Halberd,44.202,-1.9312,0.5918,0.2611,2.7010,1,129,17.1316,4.0/-2.0/-4.0|
DSH_E03_Talos,44.202,-0.1089,0.9565,0.0204,2.3194,0,73,17.1168,
DSH_E01_Skimmer,44.406,-0.0898,0.8713,-0.2606,1.1111,0,66,17.1917,
DSH_E02_Halberd,44.406,-1.8778,0.5882,0.2621,2.7015,1,129,17.1897,4.0/-2.0/-4.0|
DSH_E03_Talos,44.406,-0.0817,0.6343,-0.0928,1.4180,0,73,17.4432,
DSH_E01_Skimmer,44.607,-0.1273,1.3037,-0.1889,1.1003,0,66,17.3675,
DSH_E02_Halberd,44.607,-1.8246,0.5665,0.2588,2.7043,1,129,17.2462,4.0/-2.0/-4.0|
DSH_E03_Talos,44.607,-0.0947,0.8038,-0.3163,1.3071,0,73,17.6673,
DSH_E01_Skimmer,44.803,-0.1602,1.3634,-0.1150,1.5548,0,66,17.4814,
DSH_E02_Halberd,44.803,-1.7753,0.5818,0.2526,2.7078,1,129,17.3060,4.0/-2.0/-4.0|
DSH_E03_Talos,44.803,-0.1264,1.0779,-0.2092,1.7518,0,73,17.8122,
DSH_E01_Skimmer,45.002,-0.1825,1.3182,-0.0636,1.9390,0,66,17.5646,
DSH_E02_Halberd,45.002,-1.7255,0.5795,0.2445,2.5935,1,129,17.4087,4.0/-2.0/-4.0|
DSH_E03_Talos,45.002,-0.1527,1.1745,-0.1287,2.1661,0,73,17.9182,
DSH_E01_Skimmer,45.211,-0.1945,1.2687,-0.0281,2.2103,0,66,53.5646,
DSH_E02_Halberd,45.211,-1.6754,0.5885,0.2352,2.0584,1,129,45.2401,4.0/-2.0/-4.0|
DSH_E03_Talos,45.211,-0.1727,1.1637,-0.0734,2.4678,0,73,53.6545,
DSH_E01_Skimmer,45.403,-0.1968,1.2346,-0.0040,2.3882,0,66,53.1349,
DSH_E02_Halberd,45.403,-1.6307,0.5815,0.2254,1.6075,1,129,44.9277,4.0/-2.0/-4.0|
DSH_E03_Talos,45.403,-0.1859,1.1094,-0.0354,2.6719,0,73,53.1694,
DSH_E01_Skimmer,45.601,-0.1929,1.2007,0.0119,2.5000,0,66,52.6595,
DSH_E02_Halberd,45.601,-1.5864,0.5730,0.2156,1.9534,1,129,44.5788,4.0/-2.0/-4.0|
DSH_E03_Talos,45.601,-0.1962,1.0419,-0.0091,2.8017,0,73,52.6340,
DSH_E01_Skimmer,45.809,-0.1867,1.1835,0.0221,2.5810,0,66,52.1345,
DSH_E02_Halberd,45.809,-1.5424,0.5740,0.2057,2.2083,1,129,44.1463,4.0/-2.0/-4.0|
DSH_E03_Talos,45.809,-0.2004,1.0174,0.0090,2.8937,0,73,52.0435,
DSH_E01_Skimmer,46.003,-0.1806,1.1789,0.0283,2.6379,0,66,51.6282,
DSH_E02_Halberd,46.003,-1.5032,0.5747,0.1959,2.3799,1,129,43.6993,4.0/-2.0/-4.0|
DSH_E03_Talos,46.003,-0.1989,1.0157,0.0210,2.9576,0,73,51.4746,
DSH_E01_Skimmer,46.205,-0.1743,1.1782,0.0320,2.6772,0,66,51.0928,
DSH_E02_Halberd,46.205,-1.4644,0.5710,0.1864,2.4951,1,129,43.2071,4.0/-2.0/-4.0|
DSH_E03_Talos,46.205,-0.1939,1.0176,0.0288,3.0015,0,73,50.8734,
DSH_E01_Skimmer,46.404,-0.1677,1.1784,0.0339,2.7038,0,66,50.5589,
DSH_E02_Halberd,46.404,-1.4283,0.5727,0.1772,2.5721,1,129,42.7035,4.0/-2.0/-4.0|
DSH_E03_Talos,46.404,-0.1873,1.0193,0.0334,3.0312,0,73,50.2740,
DSH_E01_Skimmer,46.602,-0.1611,1.1784,0.0347,2.7218,0,66,50.0227,
DSH_E02_Halberd,46.602,-1.3942,0.5720,0.1684,2.6234,1,129,42.1895,4.0/-2.0/-4.0|
DSH_E03_Talos,46.602,-0.1799,1.0209,0.0359,3.0512,0,73,49.6722,
DSH_E01_Skimmer,46.809,-0.1542,1.1782,0.0346,2.7337,0,66,49.4575,
DSH_E02_Halberd,46.809,-1.3602,0.5723,0.1599,2.6577,1,129,41.6420,4.0/-2.0/-4.0|
DSH_E03_Talos,46.809,-0.1720,1.0220,0.0370,3.0646,0,73,49.0379,
DSH_E01_Skimmer,47.004,-0.1477,1.1777,0.0341,2.7417,0,66,48.9244,
DSH_E02_Halberd,47.004,-1.3300,0.5754,0.1518,2.6804,1,129,41.1219,4.0/-2.0/-4.0|
DSH_E03_Talos,47.004,-0.1646,1.0232,0.0371,3.0736,0,73,48.4397,
DSH_E01_Skimmer,47.203,-0.1409,1.1772,0.0332,2.7470,0,66,48.3789,
DSH_E02_Halberd,47.203,-1.3005,0.5699,0.1441,2.6956,1,129,40.5873,4.0/-2.0/-4.0|
DSH_E03_Talos,47.203,-0.1572,1.0241,0.0365,3.0796,0,73,47.8276,
DSH_E01_Skimmer,47.409,-0.1341,1.1765,0.0320,2.7505,0,66,47.8122,
DSH_E02_Halberd,47.409,-1.2718,0.5764,0.1368,2.7057,1,129,40.0302,4.0/-2.0/-4.0|
DSH_E03_Talos,47.409,-0.1494,1.0253,0.0356,3.0836,0,73,47.1915,
DSH_E01_Skimmer,47.600,-0.1282,1.1762,0.0307,2.7528,0,66,47.2868,
DSH_E02_Halberd,47.600,-1.2462,0.5720,0.1298,2.7124,1,129,39.5128,4.0/-2.0/-4.0|
DSH_E03_Talos,47.600,-0.1424,1.0264,0.0343,3.0863,0,73,46.6021,
DSH_E01_Skimmer,47.807,-0.1219,1.1757,0.0294,2.7544,0,66,46.7191,
DSH_E02_Halberd,47.807,-1.2200,0.5710,0.1231,2.7169,1,129,38.9530,4.0/-2.0/-4.0|
DSH_E03_Talos,47.807,-0.1353,1.0277,0.0330,3.0881,0,73,45.9650,
DSH_E01_Skimmer,48.001,-0.1164,1.1752,0.0280,2.7553,0,66,46.1842,
DSH_E02_Halberd,48.001,-1.1965,0.5672,0.1168,2.7200,1,129,38.4250,4.0/-2.0/-4.0|
DSH_E03_Talos,48.001,-0.1288,1.0289,0.0315,3.0893,0,73,45.3646,
DSH_E01_Skimmer,48.202,-0.1109,1.1749,0.0267,2.7560,0,66,45.6300,
DSH_E02_Halberd,48.202,-1.1738,0.5733,0.1108,2.7220,1,129,37.8777,4.0/-2.0/-4.0|
DSH_E03_Talos,48.202,-0.1225,1.0300,0.0300,3.0901,0,73,44.7427,
DSH_E01_Skimmer,48.405,-0.1056,1.1744,0.0254,2.7564,0,66,45.0718,
DSH_E02_Halberd,48.405,-1.1519,0.5696,0.1051,2.7234,1,129,37.3260,4.0/-2.0/-4.0|
DSH_E03_Talos,48.405,-0.1163,1.0314,0.0285,3.0907,0,73,44.1162,
DSH_E01_Skimmer,48.600,-0.1008,1.1740,0.0241,2.7566,0,66,44.5331,
DSH_E02_Halberd,48.600,-1.1319,0.5733,0.0998,2.7243,1,129,36.7935,4.0/-2.0/-4.0|
DSH_E03_Talos,48.600,-0.1106,1.0327,0.0270,3.0911,0,73,43.5114,
DSH_E01_Skimmer,48.805,-0.0975,1.1715,-0.0005,2.7563,0,66,43.9685,
DSH_E02_Halberd,48.805,-1.1119,0.5710,0.0946,2.7249,1,129,36.2355,4.0/-2.0/-4.0|
DSH_E03_Talos,48.805,-0.1050,1.0340,0.0256,3.0913,0,73,42.8778,
DSH_E01_Skimmer,49.010,-0.1002,1.1663,-0.0146,2.7560,0,66,43.4063,
DSH_E02_Halberd,49.010,-1.0933,0.5784,0.0898,2.7253,1,129,35.6796,4.0/-2.0/-4.0|
DSH_E03_Talos,49.010,-0.0997,1.0353,0.0242,3.0916,0,73,42.2467,
DSH_E01_Skimmer,49.211,-0.1017,1.1675,-0.0026,2.7561,0,66,42.8528,
DSH_E02_Halberd,49.211,-1.0757,0.5751,0.0852,2.7256,1,129,35.1324,4.0/-2.0/-4.0|
DSH_E03_Talos,49.211,-0.0976,1.0374,-0.0080,3.0912,0,73,41.6255,
DSH_E01_Skimmer,49.405,-0.1013,1.1702,0.0054,2.7563,0,66,42.3174,
DSH_E02_Halberd,49.405,-1.0594,0.5699,0.0808,2.7258,1,129,34.6029,4.0/-2.0/-4.0|
DSH_E03_Talos,49.405,-0.1006,1.0397,-0.0142,3.0913,0,73,41.0244,
DSH_E01_Skimmer,49.601,-0.0997,1.1719,0.0102,2.7564,0,66,41.7771,
DSH_E02_Halberd,49.601,-1.0441,0.5733,0.0766,2.7259,1,129,34.0686,4.0/-2.0/-4.0|
DSH_E03_Talos,49.601,-0.1019,1.0406,-0.0023,3.0916,0,73,40.4180,
DSH_E01_Skimmer,49.800,-0.0988,1.1707,-0.0028,2.7562,0,66,41.2287,
DSH_E02_Halberd,49.800,-1.0293,0.5747,0.0727,2.7261,1,129,33.5262,4.0/-2.0/-4.0|
DSH_E03_Talos,49.800,-0.1013,1.0412,0.0057,3.0919,0,73,39.8020,
DSH_E01_Skimmer,50.005,-0.0999,1.1680,-0.0057,2.7561,0,66,40.6647,
DSH_E02_Halberd,50.005,-1.0146,0.5703,0.0690,2.7262,1,129,32.9682,4.0/-2.0/-4.0|
DSH_E03_Talos,50.005,-0.0994,1.0421,0.0092,3.0920,0,73,39.1686,
DSH_E01_Skimmer,50.211,-0.1000,1.1687,0.0032,2.7562,0,66,40.0970,
DSH_E02_Halberd,50.211,-1.0006,0.5648,0.0654,2.7262,1,129,32.4067,4.0/-2.0/-4.0|
DSH_E03_Talos,50.211,-0.0988,1.0438,-0.0060,3.0919,0,73,38.5309,
DSH_E01_Skimmer,50.407,-0.0992,1.1695,0.0023,2.7562,0,66,39.5560,
DSH_E02_Halberd,50.407,-0.9883,0.5686,0.0621,2.7262,1,129,31.8716,4.0/-2.0/-4.0|
DSH_E03_Talos,50.407,-0.1002,1.0457,-0.0047,3.0920,0,73,37.9232,
DSH_E01_Skimmer,50.609,-0.0994,1.1684,-0.0040,2.7561,0,66,39.0018,
DSH_E02_Halberd,50.609,-0.9761,0.5682,0.0589,2.7264,1,129,31.3235,4.0/-2.0/-4.0|
DSH_E03_Talos,50.609,-0.0999,1.0468,0.0039,3.0922,0,73,37.3007,
DSH_E01_Skimmer,50.810,-0.0999,1.1677,-0.0002,2.7561,0,66,38.4467,
DSH_E02_Halberd,50.810,-0.9651,0.5808,0.0559,2.7264,1,129,30.7745,4.0/-2.0/-4.0|
DSH_E03_Talos,50.810,-0.0990,1.0481,0.0000,3.0923,0,73,36.6773,
DSH_E01_Skimmer,51.007,-0.0995,1.1684,0.0026,2.7561,0,66,37.9056,
DSH_E02_Halberd,51.007,-0.9543,0.5788,0.0530,2.7265,1,129,30.2390,4.0/-2.0/-4.0|
DSH_E03_Talos,51.007,-0.0996,1.0498,-0.0054,3.0922,0,73,36.0695,
DSH_E01_Skimmer,51.207,-0.0994,1.1678,-0.0020,2.7560,0,66,37.3528,
DSH_E02_Halberd,51.207,-0.9441,0.5832,0.0503,2.7265,1,129,29.6921,4.0/-2.0/-4.0|
DSH_E03_Talos,51.207,-0.0999,1.0513,0.0009,3.0925,0,73,35.4486,
DSH_E01_Skimmer,51.400,-0.0997,1.1672,-0.0004,2.7560,0,66,36.8219,
DSH_E02_Halberd,51.400,-0.9345,0.5784,0.0477,2.7264,1,129,29.1669,4.0/-2.0/-4.0|
DSH_E03_Talos,51.400,-0.0993,1.0526,-0.0001,3.0925,0,73,34.8523,
DSH_E01_Skimmer,51.602,-0.0995,1.1675,0.0018,2.7560,0,66,36.2649,
DSH_E02_Halberd,51.602,-0.9249,0.5727,0.0453,2.7265,1,129,28.6158,4.0/-2.0/-4.0|
DSH_E03_Talos,51.602,-0.0996,1.0542,-0.0025,3.0926,0,73,34.2265,
DSH_E01_Skimmer,51.808,-0.0994,1.1670,-0.0008,2.7559,0,66,35.6980,
DSH_E02_Halberd,51.808,-0.9155,0.5627,0.0429,2.7265,1,129,28.0548,4.0/-2.0/-4.0|
DSH_E03_Talos,51.808,-0.0995,1.0559,-0.0005,3.0927,0,73,33.5898,
DSH_E01_Skimmer,52.002,-0.0997,1.1665,-0.0008,2.7558,0,66,35.1641,
DSH_E02_Halberd,52.002,-0.9075,0.5651,0.0407,2.7266,1,129,27.5265,4.0/-2.0/-4.0|
DSH_E03_Talos,52.002,-0.0995,1.0574,-0.0022,3.0928,0,73,32.9902,
DSH_E01_Skimmer,52.209,-0.0997,1.1665,0.0013,2.7558,0,66,34.5939,
DSH_E02_Halberd,52.209,-0.8994,0.5682,0.0387,2.7266,1,129,26.9624,4.0/-2.0/-4.0|
DSH_E03_Talos,52.209,-0.0995,1.0591,-0.0008,3.0929,0,73,32.3498,
DSH_E01_Skimmer,52.411,-0.0995,1.1663,0.0005,2.7558,0,66,34.0389,
DSH_E02_Halberd,52.411,-0.8918,0.5682,0.0367,2.7266,1,129,26.4132,4.0/-2.0/-4.0|
DSH_E03_Talos,52.411,-0.0994,1.0607,-0.0018,3.0930,0,73,31.7264,
DSH_E01_Skimmer,52.610,-0.0995,1.1657,-0.0016,2.7557,0,66,33.4916,
DSH_E02_Halberd,52.610,-0.8851,0.5795,0.0348,2.7267,1,129,25.8717,4.0/-2.0/-4.0|
DSH_E03_Talos,52.610,-0.0995,1.0622,-0.0009,3.0931,0,73,31.1114,
DSH_E01_Skimmer,52.802,-0.0997,1.1653,-0.0005,2.7557,0,66,32.9617,
DSH_E02_Halberd,52.802,-0.8784,0.5723,0.0330,2.7266,1,129,25.3472,4.0/-2.0/-4.0|
DSH_E03_Talos,52.802,-0.0998,1.0616,-0.0128,3.0930,1,73,30.5158,4.0/-2.0/-2.0|
DSH_E01_Skimmer,53.005,-0.0996,1.1653,0.0005,2.7557,0,66,32.4037,
DSH_E02_Halberd,53.005,-0.8719,0.5747,0.0313,2.7266,1,129,24.7950,4.0/-2.0/-4.0|
DSH_E03_Talos,53.005,-0.1216,0.9059,-0.0939,3.0901,1,73,29.8893,4.0/-2.0/-2.0|
DSH_E01_Skimmer,53.207,-0.0995,1.1652,0.0005,2.7556,0,66,31.8483,
DSH_E02_Halberd,53.207,-0.8658,0.5757,0.0297,2.7267,1,129,24.2454,4.0/-2.0/-4.0|
DSH_E03_Talos,53.207,-0.1583,0.7928,-0.1453,3.0841,1,73,29.2662,4.0/-2.0/-2.0|
DSH_E01_Skimmer,53.400,-0.0995,1.1648,0.0002,2.7556,0,66,31.3149,
DSH_E02_Halberd,53.400,-0.8602,0.5754,0.0282,2.7267,1,129,23.7175,4.0/-2.0/-4.0|
DSH_E03_Talos,53.400,-0.1956,0.7687,-0.1766,3.0772,1,73,28.6684,4.0/-2.0/-2.0|
DSH_E01_Skimmer,53.602,-0.0996,1.1645,0.0000,2.7555,0,66,30.7592,
DSH_E02_Halberd,53.602,-0.8545,0.5710,0.0268,2.7267,1,129,23.1674,4.0/-2.0/-4.0|
DSH_E03_Talos,53.602,-0.2350,0.7628,-0.1945,3.0713,1,73,28.0462,4.0/-2.0/-2.0|
DSH_E01_Skimmer,53.802,-0.0995,1.1642,-0.0006,2.7555,0,66,30.2100,
DSH_E02_Halberd,53.802,-0.8493,0.5713,0.0254,2.7267,1,129,22.6239,4.0/-2.0/-4.0|
DSH_E03_Talos,53.802,-0.2745,0.7574,-0.2034,3.0672,1,73,27.4321,4.0/-2.0/-2.0|
DSH_E01_Skimmer,54.002,-0.0995,1.1637,-0.0015,2.7554,0,66,29.6585,
DSH_E02_Halberd,54.002,-0.8449,0.5825,0.0241,2.7267,1,129,22.0780,4.0/-2.0/-4.0|
DSH_E03_Talos,54.002,-0.3150,0.7525,-0.2063,3.0645,1,73,26.8159,4.0/-2.0/-2.0|
DSH_E01_Skimmer,54.202,-0.0995,1.1635,-0.0012,2.7554,0,66,29.1088,
DSH_E02_Halberd,54.202,-0.8400,0.5818,0.0229,2.7267,1,129,21.5339,4.0/-2.0/-4.0|
DSH_E03_Talos,54.202,-0.3557,0.7478,-0.2051,3.0628,1,73,26.2020,4.0/-2.0/-2.0|
DSH_E01_Skimmer,54.401,-0.0995,1.1631,-0.0012,2.7553,0,66,28.5597,
DSH_E02_Halberd,54.401,-0.8358,0.5845,0.0217,2.7267,1,129,20.9903,4.0/-2.0/-4.0|
DSH_E03_Talos,54.401,-0.3959,0.7431,-0.2012,3.0617,1,73,25.5890,4.0/-2.0/-2.0|
DSH_E01_Skimmer,54.600,-0.0995,1.1630,-0.0013,2.7553,0,66,28.0127,
DSH_E02_Halberd,54.600,-0.8311,0.5747,0.0206,2.7267,1,129,20.4489,4.0/-2.0/-4.0|
DSH_E03_Talos,54.600,-0.4352,0.7381,-0.1957,3.0609,1,73,24.9786,4.0/-2.0/-2.0|
DSH_E01_Skimmer,54.804,-0.0995,1.1626,-0.0010,2.7552,0,66,27.4524,
DSH_E02_Halberd,54.804,-0.8271,0.5768,0.0196,2.7267,1,129,19.8942,4.0/-2.0/-4.0|
DSH_E03_Talos,54.804,-0.4742,0.7333,-0.1890,3.0603,1,73,24.3535,4.0/-2.0/-2.0|
DSH_E01_Skimmer,55.004,-0.0995,1.1625,-0.0010,2.7552,0,66,26.9011,
DSH_E02_Halberd,55.004,-0.8231,0.5682,0.0186,2.7267,1,129,19.3484,4.0/-2.0/-4.0|
DSH_E03_Talos,55.004,-0.5112,0.7282,-0.1817,3.0599,1,73,23.7389,4.0/-2.0/-2.0|
DSH_E01_Skimmer,55.203,-0.0995,1.1620,-0.0014,2.7552,0,66,26.3534,
DSH_E02_Halberd,55.203,-0.8195,0.5720,0.0176,2.7267,1,129,18.8062,4.0/-2.0/-4.0|
DSH_E03_Talos,55.203,-0.5464,0.7233,-0.1742,3.0595,1,73,23.1282,4.0/-2.0/-2.0|
DSH_E01_Skimmer,55.404,-0.0995,1.1618,-0.0010,2.7551,0,66,25.8015,
DSH_E02_Halberd,55.404,-0.8159,0.5710,0.0167,2.7268,1,129,18.2598,4.0/-2.0/-4.0|
DSH_E03_Talos,55.404,-0.5806,0.7185,-0.1665,3.0592,1,73,22.5128,4.0/-2.0/-2.0|
DSH_E01_Skimmer,55.602,-0.0995,1.1615,-0.0010,2.7551,0,66,25.2579,
DSH_E02_Halberd,55.602,-0.8128,0.5703,0.0159,2.7268,1,129,17.7216,4.0/-2.0/-4.0|
DSH_E03_Talos,55.602,-0.6125,0.7135,-0.1589,3.0589,1,73,21.9067,4.0/-2.0/-2.0|
DSH_E01_Skimmer,55.808,-0.0995,1.1611,-0.0014,2.7550,0,66,24.6891,
DSH_E02_Halberd,55.808,-0.8099,0.5761,0.0151,2.7256,1,129,17.1585,4.0/-2.0/-4.0|
DSH_E03_Talos,55.808,-0.6445,0.7086,-0.1515,3.0587,1,73,21.2727,4.0/-2.0/-2.0|
DSH_E01_Skimmer,56.010,-0.0995,1.1608,-0.0010,2.7550,0,66,24.1348,
DSH_E02_Halberd,56.010,-0.8068,0.5757,0.0143,2.6663,1,129,16.6146,4.0/-2.0/-4.0|
DSH_E03_Talos,56.010,-0.6740,0.7036,-0.1442,3.0585,1,73,20.6551,4.0/-2.0/-2.0|
DSH_E01_Skimmer,56.207,-0.0995,1.1606,-0.0010,2.7549,0,66,23.5926,
DSH_E02_Halberd,56.207,-0.8043,0.5716,0.0136,2.2780,1,129,16.1473,4.0/-2.0/-4.0|
DSH_E03_Talos,56.207,-0.7015,0.6989,-0.1373,3.0583,1,73,20.0508,4.0/-2.0/-2.0|
DSH_E01_Skimmer,56.410,-0.0995,1.1603,-0.0014,2.7549,0,66,23.0355,
DSH_E02_Halberd,56.410,-0.8026,0.5720,0.0130,2.0956,1,129,15.8208,4.0/-2.0/-4.0|
DSH_E03_Talos,56.410,-0.7284,0.6941,-0.1306,3.0581,1,73,19.4298,4.0/-2.0/-2.0|
DSH_E01_Skimmer,56.609,-0.0995,1.1599,-0.0010,2.7548,0,66,22.4873,
DSH_E02_Halberd,56.609,-0.8010,0.5805,0.0124,2.1748,1,129,15.6193,4.0/-2.0/-4.0|
DSH_E03_Talos,56.609,-0.7536,0.6896,-0.1242,3.0579,1,73,18.8191,4.0/-2.0/-2.0|
DSH_E01_Skimmer,56.809,-0.0995,1.1598,-0.0010,2.7548,0,66,21.9363,
DSH_E02_Halberd,56.809,-0.7988,0.5784,0.0119,2.3157,1,129,15.5026,4.0/-2.0/-4.0|
DSH_E03_Talos,56.809,-0.7777,0.6847,-0.1180,3.0577,1,73,18.2050,4.0/-2.0/-2.0|
DSH_E01_Skimmer,57.001,-0.0996,1.1593,-0.0012,2.7547,0,66,21.4108,
DSH_E02_Halberd,57.001,-0.7962,0.5730,0.0114,2.4412,1,129,15.4446,4.0/-2.0/-4.0|
DSH_E03_Talos,57.001,-0.7994,0.6804,-0.1122,3.0575,1,73,17.6194,4.0/-2.0/-2.0|
DSH_E01_Skimmer,57.205,-0.0996,1.1591,0.0000,2.7547,0,66,20.8491,
DSH_E02_Halberd,57.205,-0.7938,0.5733,0.0108,2.5326,1,129,15.4268,4.0/-2.0/-4.0|
DSH_E03_Talos,57.205,-0.8215,0.6758,-0.1066,3.0573,1,73,16.9935,4.0/-2.0/-2.0|
DSH_E01_Skimmer,57.405,-0.0995,1.1591,0.0005,2.7547,0,66,20.2998,
DSH_E02_Halberd,57.405,-0.7918,0.5744,0.0103,2.5974,1,129,15.4394,4.0/-2.0/-4.0|
DSH_E03_Talos,57.405,-0.8414,0.6525,-0.1013,3.0444,1,73,16.3820,4.0/-2.0/-2.0|
DSH_E01_Skimmer,57.603,-0.0995,1.1586,0.0002,2.7546,0,66,19.7562,
DSH_E02_Halberd,57.603,-0.7901,0.5805,0.0098,2.6407,1,129,15.4701,4.0/-2.0/-4.0|
DSH_E03_Talos,57.603,-0.8565,0.5323,-0.0965,2.8342,1,73,15.7997,4.0/-2.0/-2.0|
DSH_E01_Skimmer,57.812,-0.0995,1.1583,0.0000,2.7546,0,66,19.1810,
DSH_E02_Halberd,57.812,-0.7879,0.5737,0.0094,2.6676,1,129,15.5208,4.0/-2.0/-4.0|
DSH_E03_Talos,57.812,-0.8723,0.7938,-0.0924,2.4124,1,73,15.3263,4.0/-2.0/-2.0|
DSH_E01_Skimmer,58.009,-0.0995,1.1578,-0.0006,2.7545,0,66,18.6395,
DSH_E02_Halberd,58.009,-0.7859,0.5692,0.0089,2.6847,1,129,15.5749,4.0/-2.0/-4.0|
DSH_E03_Talos,58.009,-0.9003,1.1186,-0.0879,2.3985,1,73,15.0403,4.0/-2.0/-2.0|
DSH_E01_Skimmer,58.204,-0.0995,1.1574,-0.0015,2.7545,0,66,18.1056,
DSH_E02_Halberd,58.204,-0.7844,0.5784,0.0085,2.6968,1,129,15.6361,4.0/-2.0/-4.0|
DSH_E03_Talos,58.204,-0.9260,1.2588,-0.0829,2.5384,1,73,14.8682,4.0/-2.0/-2.0|
DSH_E01_Skimmer,58.411,-0.0995,1.1569,-0.0012,2.7544,0,66,17.5357,
DSH_E02_Halberd,58.411,-0.7822,0.5686,0.0080,2.6981,1,129,15.7183,4.0/-2.0/-4.0|
DSH_E03_Talos,58.411,-0.9464,1.2599,-0.0778,2.6998,1,73,14.7699,4.0/-2.0/-2.0|
DSH_E01_Skimmer,58.611,-0.0995,1.1567,-0.0015,2.7543,0,66,16.9876,
DSH_E02_Halberd,58.611,-0.7808,0.5716,0.0075,2.4348,1,129,15.8891,4.0/-2.0/-4.0|
DSH_E03_Talos,58.611,-0.9614,1.2127,-0.0732,2.8221,1,73,14.7343,4.0/-2.0/-2.0|
DSH_E01_Skimmer,58.807,-0.0996,1.1572,-0.0010,2.7538,0,66,16.4500,
DSH_E02_Halberd,58.807,-0.7803,0.5835,0.0069,1.7783,1,129,16.1733,4.0/-2.0/-4.0|
DSH_E03_Talos,58.807,-0.9743,1.1754,-0.0690,2.9090,1,73,14.7440,4.0/-2.0/-2.0|
DSH_E01_Skimmer,59.006,-0.1011,1.1732,0.0046,2.7043,0,66,15.9088,
DSH_E02_Halberd,59.006,-0.7789,0.5784,0.0067,1.1692,1,129,16.4420,4.0/-2.0/-4.0|
DSH_E03_Talos,59.006,-0.9855,1.1385,-0.0653,2.9682,1,73,14.7789,4.0/-2.0/-2.0|
DSH_E01_Skimmer,59.208,-0.1096,1.1779,0.0104,2.3419,0,66,15.4240,
DSH_E02_Halberd,59.208,-0.7773,0.5744,0.0065,1.3849,1,129,16.6263,4.0/-2.0/-4.0|
DSH_E03_Talos,59.208,-0.9969,1.1194,-0.0620,3.0076,1,73,14.8378,4.0/-2.0/-2.0|
DSH_E01_Skimmer,59.400,-0.1217,1.1689,0.0153,2.1657,0,66,15.1030,
DSH_E02_Halberd,59.400,-0.7760,0.5747,0.0062,1.7847,1,129,16.7482,4.0/-2.0/-4.0|
DSH_E03_Talos,59.400,-1.0071,1.0981,-0.0589,3.0291,1,73,14.9079,4.0/-2.0/-2.0|
DSH_E01_Skimmer,59.602,-0.1279,1.1901,0.0193,2.2344,0,66,14.8846,
DSH_E02_Halberd,59.602,-0.7747,0.5737,0.0059,2.1041,1,129,16.8443,4.0/-2.0/-4.0|
DSH_E03_Talos,59.602,-1.0171,1.0736,-0.0561,3.0450,1,73,14.9882,4.0/-2.0/-2.0|
DSH_E01_Skimmer,59.804,-0.1271,1.1994,0.0221,2.3660,0,66,14.7544,
DSH_E02_Halberd,59.804,-0.7735,0.5757,0.0057,2.3274,1,129,16.9246,4.0/-2.0/-4.0|
DSH_E03_Talos,59.804,-1.0271,1.0576,-0.0534,3.0526,1,73,15.0790,4.0/-2.0/-2.0|
DSH_E01_Skimmer,60.002,-0.1223,1.1996,0.0237,2.4856,0,66,14.6834,
DSH_E02_Halberd,60.002,-0.7722,0.5730,0.0054,2.4796,1,129,16.9929,4.0/-2.0/-4.0|
DSH_E03_Talos,60.002,-1.0358,1.0281,-0.0510,3.0563,1,73,15.1680,4.0/-2.0/-2.0|
DSH_E01_Skimmer,60.210,-0.1161,1.1980,0.0243,2.5727,0,66,14.6559,
DSH_E02_Halberd,60.210,-0.7709,0.5740,0.0051,2.5841,1,129,17.0629,4.0/-2.0/-4.0|
DSH_E03_Talos,60.210,-1.0451,1.0083,-0.0486,3.0615,1,73,15.2671,4.0/-2.0/-2.0|
DSH_E01_Skimmer,60.400,-0.1102,1.2004,0.0242,2.6362,0,66,14.6596,
DSH_E02_Halberd,60.400,-0.7696,0.5713,0.0048,2.6507,1,129,17.1260,4.0/-2.0/-4.0|
DSH_E03_Talos,60.400,-1.0530,0.9850,-0.0464,3.0584,1,73,15.3589,4.0/-2.0/-2.0|
DSH_E01_Skimmer,60.602,-0.1041,1.2064,0.0236,2.6786,0,66,14.6826,
DSH_E02_Halberd,60.602,-0.7684,0.5716,0.0046,2.6975,1,129,17.1917,4.0/-2.0/-4.0|
DSH_E03_Talos,60.602,-1.0610,0.9584,-0.0443,3.0599,1,73,15.4546,4.0/-2.0/-2.0|
DSH_E01_Skimmer,60.805,-0.0986,1.2111,0.0192,2.7056,0,66,14.7245,
DSH_E02_Halberd,60.805,-0.7682,0.5798,0.0043,2.7272,1,129,17.2616,4.0/-2.0/-4.0|
DSH_E03_Talos,60.805,-1.0690,0.9417,-0.0423,3.0585,1,73,15.5552,4.0/-2.0/-2.0|
DSH_E01_Skimmer,61.007,-0.0978,1.2129,-0.0216,2.7228,0,66,14.7729,
DSH_E02_Halberd,61.007,-0.7674,0.5784,0.0041,2.7465,1,129,17.3292,4.0/-2.0/-4.0|
DSH_E03_Talos,61.007,-1.0761,0.9119,-0.0403,3.0567,1,73,15.6510,4.0/-2.0/-2.0|
DSH_E01_Skimmer,61.208,-0.1016,1.2147,-0.0166,2.7358,0,66,14.8298,
DSH_E02_Halberd,61.208,-0.7668,0.5791,0.0039,2.7612,1,129,17.3993,4.0/-2.0/-4.0|
DSH_E03_Talos,61.208,-1.0833,0.8937,-0.0385,3.0587,1,73,15.7483,4.0/-2.0/-2.0|
DSH_E01_Skimmer,61.401,-0.1024,1.2229,-0.0038,2.7415,0,66,14.8893,
DSH_E02_Halberd,61.401,-0.7667,0.5915,0.0038,2.7672,1,129,17.4672,4.0/-2.0/-4.0|
DSH_E03_Talos,61.401,-1.0896,0.8713,-0.0367,3.0540,1,73,15.8411,4.0/-2.0/-2.0|
DSH_E01_Skimmer,61.607,-0.1011,1.2321,0.0046,2.7477,0,66,14.9545,
DSH_E02_Halberd,61.607,-0.7654,0.5774,0.0036,2.7734,1,129,17.5385,4.0/-2.0/-4.0|
DSH_E03_Talos,61.607,-1.0963,0.8456,-0.0351,3.0545,1,73,15.9372,4.0/-2.0/-2.0|
DSH_E01_Skimmer,61.804,-0.0991,1.2364,0.0058,2.7532,0,66,15.0247,
DSH_E02_Halberd,61.804,-0.7648,0.5795,0.0034,2.7760,1,129,17.6104,4.0/-2.0/-4.0|
DSH_E03_Talos,61.804,-1.1025,0.8358,-0.0335,3.0575,1,73,16.0350,4.0/-2.0/-2.0|
DSH_E01_Skimmer,62.004,-0.1013,1.2110,0.0012,2.6662,0,66,15.1341,
DSH_E02_Halberd,62.004,-0.7639,0.5730,0.0033,2.7772,1,129,17.6804,4.0/-2.0/-4.0|
DSH_E03_Talos,62.004,-1.1126,0.8814,-0.0321,2.9688,1,73,16.1763,4.0/-2.0/-2.0|
DSH_E01_Skimmer,62.207,-0.1090,1.0239,0.0064,2.1643,0,66,15.3715,
DSH_E02_Halberd,62.207,-0.7637,0.5825,0.0031,2.7799,1,129,17.7533,4.0/-2.0/-4.0|
DSH_E03_Talos,62.207,-1.1421,1.0529,-0.0336,2.4349,1,73,16.4619,4.0/-2.0/-2.0|
DSH_E01_Skimmer,62.409,-0.1095,0.6435,0.0094,1.3545,0,66,15.6650,
DSH_E02_Halberd,62.409,-0.7626,0.5710,0.0030,2.7778,1,129,17.8260,4.0/-2.0/-4.0|
DSH_E03_Talos,62.409,-1.1875,1.3352,-0.0339,1.5731,1,73,16.8079,4.0/-2.0/-2.0|
DSH_E01_Skimmer,62.601,-0.0992,0.2439,0.0133,1.1112,0,66,15.8705,
DSH_E02_Halberd,62.601,-0.7621,0.5754,0.0029,2.7787,1,129,17.8936,4.0/-2.0/-4.0|
DSH_E03_Talos,62.601,-1.2208,1.6523,-0.0248,1.3639,1,73,17.0513,4.0/-2.0/-2.0|
DSH_E01_Skimmer,62.808,-0.0929,0.1251,-0.0743,1.4646,0,66,16.0175,
DSH_E02_Halberd,62.808,-0.7614,0.5730,0.0027,2.7808,1,129,17.9713,4.0/-2.0/-4.0|
DSH_E03_Talos,62.808,-1.2385,1.9248,-0.0172,1.7798,1,73,17.2306,4.0/-2.0/-2.0|
DSH_E01_Skimmer,63.009,-0.1005,0.4635,-0.0974,1.8318,0,66,16.1136,
DSH_E02_Halberd,63.009,-0.7609,0.5733,0.0026,2.7034,1,129,18.0824,4.0/-2.0/-4.0|
DSH_E03_Talos,63.009,-1.2438,2.0071,-0.0115,2.1989,1,73,17.3547,4.0/-2.0/-2.0|
DSH_E01_Skimmer,63.201,-0.1071,0.6453,-0.0572,2.1078,0,66,16.1842,
DSH_E02_Halberd,63.201,-0.7607,0.5764,0.0024,2.2222,1,129,18.3087,4.0/-2.0/-4.0|
DSH_E03_Talos,63.201,-1.2447,1.9935,-0.0076,2.5106,1,73,17.4505,4.0/-2.0/-2.0|
DSH_E01_Skimmer,63.404,-0.1202,0.4989,-0.0295,2.2947,0,66,16.2471,
DSH_E02_Halberd,63.404,-0.7605,0.5774,0.0019,1.4328,1,129,18.6178,4.0/-2.0/-4.0|
DSH_E03_Talos,63.404,-1.2444,1.9599,-0.0049,2.7212,1,73,17.5377,4.0/-2.0/-2.0|
DSH_E01_Skimmer,63.606,-0.1218,0.5185,-0.0105,2.4206,0,66,16.3009,
DSH_E02_Halberd,63.606,-0.7596,0.5682,0.0016,0.6951,1,129,18.8127,4.0/-2.0/-4.0|
DSH_E03_Talos,63.606,-1.2441,1.9383,-0.0031,2.8664,1,73,17.6168,4.0/-2.0/-2.0|
DSH_E01_Skimmer,63.805,-0.1193,0.5845,0.0019,2.5024,0,66,16.3535,
DSH_E02_Halberd,63.805,-0.7589,0.5744,0.0017,0.7338,1,129,18.7908,4.0/-2.0/-4.0|
DSH_E03_Talos,63.805,-1.2443,1.9300,-0.0019,2.9623,1,73,17.6962,4.0/-2.0/-2.0|
DSH_E01_Skimmer,64.011,-0.1183,0.5798,0.0102,2.5562,0,66,16.4044,
DSH_E02_Halberd,64.011,-0.7576,0.5751,0.0017,1.3333,1,129,18.5882,4.0/-2.0/-4.0|
DSH_E03_Talos,64.011,-1.2441,1.9267,-0.0011,3.0261,1,73,17.7747,4.0/-2.0/-2.0|
DSH_E01_Skimmer,64.210,-0.1160,0.5751,0.0155,2.5931,0,66,16.4555,
DSH_E02_Halberd,64.210,-0.7565,0.5781,0.0016,1.7864,1,129,18.2750,4.0/-2.0/-4.0|
DSH_E03_Talos,64.210,-1.2438,1.9270,-0.0006,3.0710,1,73,17.8544,4.0/-2.0/-2.0|
DSH_E01_Skimmer,64.401,-0.1130,0.5675,0.0188,2.6157,0,66,16.5049,
DSH_E02_Halberd,64.401,-0.7556,0.5713,0.0014,2.0957,1,129,17.9039,4.0/-2.0/-4.0|
DSH_E03_Talos,64.401,-1.2435,1.9257,-0.0002,3.0967,1,73,17.9321,4.0/-2.0/-2.0|
DSH_E01_Skimmer,64.603,-0.1086,0.5747,0.0206,2.6330,0,66,16.5562,
DSH_E02_Halberd,64.603,-0.7557,0.5778,0.0013,2.3039,1,129,17.4576,4.0/-2.0/-4.0|
DSH_E03_Talos,64.603,-1.2429,1.9235,0.0000,3.1167,1,73,18.0138,4.0/-2.0/-2.0|
DSH_E01_Skimmer,64.806,-0.1042,0.5771,0.0215,2.6440,0,66,16.6110,
DSH_E02_Halberd,64.806,-0.7559,0.5835,0.0012,2.4428,1,129,16.9768,4.0/-2.0/-4.0|
DSH_E03_Talos,64.806,-1.2422,1.9189,0.0001,3.1093,1,73,18.0981,4.0/-2.0/-2.0|
DSH_E01_Skimmer,65.002,-0.1000,0.5747,0.0218,2.6520,0,66,16.6619,
DSH_E02_Halberd,65.002,-0.7554,0.5689,0.0012,2.4843,1,129,16.4914,4.0/-2.0/-4.0|
DSH_E03_Talos,65.002,-1.2306,1.7627,-0.0003,2.7466,1,73,18.0921,4.0/-2.0/-2.0|
DSH_E01_Skimmer,65.209,-0.0978,0.5720,-0.0038,2.6590,0,66,16.7172,
DSH_E02_Halberd,65.209,-0.7563,0.5791,0.0012,2.1833,1,129,16.0338,4.0/-2.0/-4.0|
DSH_E03_Talos,65.209,-1.2017,1.3807,-0.0019,2.3604,1,73,17.9072,4.0/-2.0/-2.0|
DSH_E01_Skimmer,65.410,-0.1004,0.5751,-0.0131,2.6619,0,66,16.7710,
DSH_E02_Halberd,65.410,-0.7568,0.5710,0.0012,2.0660,1,129,15.7335,4.0/-2.0/-4.0|
DSH_E03_Talos,65.410,-1.1801,1.1860,-0.0048,2.4132,1,73,17.5913,4.0/-2.0/-2.0|
DSH_E01_Skimmer,65.602,-0.1017,0.5740,-0.0013,2.6661,0,66,16.8211,
DSH_E02_Halberd,65.602,-0.7575,0.5751,0.0014,2.1741,1,129,15.5527,4.0/-2.0/-4.0|
DSH_E03_Talos,65.602,-1.1821,1.2482,-0.0073,2.6024,1,73,17.2313,4.0/-2.0/-2.0|
DSH_E01_Skimmer,65.800,-0.1009,0.5815,0.0066,2.6680,0,66,16.8760,
DSH_E02_Halberd,65.800,-0.7578,0.5781,0.0014,2.3247,1,129,15.4456,4.0/-2.0/-4.0|
DSH_E03_Talos,65.800,-1.2081,1.4416,-0.0078,2.5956,1,73,16.9427,4.0/-2.0/-2.0|
DSH_E01_Skimmer,66.002,-0.0990,0.5858,0.0093,2.6697,0,66,16.9291,
DSH_E02_Halberd,66.002,-0.7577,0.5730,0.0015,2.4522,1,129,15.3915,4.0/-2.0/-4.0|
DSH_E03_Talos,66.002,-1.2318,1.7271,-0.0062,2.7047,1,73,16.7620,4.0/-2.0/-2.0|
DSH_E01_Skimmer,66.201,-0.0994,0.5710,-0.0020,2.6723,0,66,16.9828,
DSH_E02_Halberd,66.201,-0.7573,0.5754,0.0016,2.5436,1,129,15.3798,4.0/-2.0/-4.0|
DSH_E03_Talos,66.201,-1.2433,1.8917,-0.0041,2.8255,1,73,16.6666,4.0/-2.0/-2.0|
DSH_E01_Skimmer,66.403,-0.1001,0.5692,-0.0009,2.6669,0,66,17.0475,
DSH_E02_Halberd,66.403,-0.7566,0.5737,0.0015,2.6075,1,129,15.3969,4.0/-2.0/-4.0|
DSH_E03_Talos,66.403,-1.2470,1.9357,-0.0023,2.9045,1,73,16.6397,4.0/-2.0/-2.0|
DSH_E01_Skimmer,66.606,-0.1028,0.4985,0.0062,2.3941,0,66,17.1958,
DSH_E02_Halberd,66.606,-0.7568,0.5811,0.0015,2.6499,1,129,15.4323,4.0/-2.0/-4.0|
DSH_E03_Talos,66.606,-1.2494,1.8745,-0.0022,2.6185,1,73,16.7499,4.0/-2.0/-2.0|
DSH_E01_Skimmer,66.805,-0.1172,0.3981,0.0100,1.7148,0,66,17.4596,
DSH_E02_Halberd,66.805,-0.7566,0.5751,0.0015,2.6762,1,129,15.4835,4.0/-2.0/-4.0|
DSH_E03_Talos,66.805,-1.2383,1.6137,-0.0085,1.8892,1,73,17.0213,4.0/-2.0/-2.0|
DSH_E01_Skimmer,67.009,-0.1348,1.0193,0.0148,1.0674,0,66,17.7139,
DSH_E02_Halberd,67.009,-0.7563,0.5703,0.0015,2.6927,1,129,15.5418,4.0/-2.0/-4.0|
DSH_E03_Talos,67.009,-1.2060,1.2693,-0.0096,1.1854,1,73,17.3003,4.0/-2.0/-2.0|
DSH_E01_Skimmer,67.207,-0.1353,1.2582,0.0198,1.2946,0,66,17.8776,
DSH_E02_Halberd,67.207,-0.7565,0.5740,0.0015,2.7045,1,129,15.6064,4.0/-2.0/-4.0|
DSH_E03_Talos,67.207,-1.1774,1.1479,-0.0097,1.4275,1,73,17.4864,4.0/-2.0/-2.0|
DSH_E01_Skimmer,67.408,-0.1290,1.2653,0.0228,1.7177,0,66,17.9889,
DSH_E02_Halberd,67.408,-0.7562,0.5675,0.0014,2.7060,1,129,15.6883,4.0/-2.0/-4.0|
DSH_E03_Talos,67.408,-1.1644,1.1402,-0.0112,1.9003,1,73,17.6200,4.0/-2.0/-2.0|
DSH_E01_Skimmer,67.605,-0.1218,1.2163,0.0242,2.0490,0,66,18.0669,
DSH_E02_Halberd,67.605,-0.7566,0.5751,0.0014,2.4442,1,129,15.8552,4.0/-2.0/-4.0|
DSH_E03_Talos,67.605,-1.1632,1.1077,-0.0127,2.2763,1,73,17.7203,4.0/-2.0/-2.0|
DSH_E01_Skimmer,67.808,-0.1153,1.1789,0.0246,2.2684,0,66,18.1309,
DSH_E02_Halberd,67.808,-0.7571,0.5835,0.0013,1.7884,1,129,16.1507,4.0/-2.0/-4.0|
DSH_E03_Talos,67.808,-1.1664,1.0688,-0.0135,2.5380,1,73,17.8100,4.0/-2.0/-2.0|
DSH_E01_Skimmer,68.010,-0.1027,1.1732,0.0242,2.1487,0,66,18.1126,
DSH_E02_Halberd,68.010,-0.7574,0.5915,0.0014,1.1764,1,129,16.4239,4.0/-2.0/-4.0|
DSH_E03_Talos,68.010,-1.1696,1.0357,-0.0137,2.7139,1,73,17.8885,4.0/-2.0/-2.0|
DSH_E01_Skimmer,68.203,-0.0892,1.1517,-0.0729,1.9502,0,66,17.9485,
DSH_E02_Halberd,68.203,-0.7565,0.5757,0.0014,1.3865,1,129,16.6017,4.0/-2.0/-4.0|
DSH_E03_Talos,68.203,-1.1722,1.0199,-0.0136,2.8341,1,73,17.9623,4.0/-2.0/-2.0|
DSH_E01_Skimmer,68.406,-0.1025,1.1471,-0.1311,2.0648,0,66,17.6551,
DSH_E02_Halberd,68.406,-0.7561,0.5706,0.0015,1.7828,1,129,16.7315,4.0/-2.0/-4.0|
DSH_E03_Talos,68.406,-1.1743,1.0054,-0.0134,2.9105,1,73,18.0402,4.0/-2.0/-2.0|
DSH_E01_Skimmer,68.605,-0.1217,1.1837,-0.0790,2.2656,0,66,17.3036,
DSH_E02_Halberd,68.605,-0.7565,0.5828,0.0015,2.1008,1,129,16.8273,4.0/-2.0/-4.0|
DSH_E03_Talos,68.605,-1.1757,0.9875,-0.0131,2.9634,1,73,18.1155,4.0/-2.0/-2.0|
DSH_E01_Skimmer,68.802,-0.1454,1.1660,-0.0426,2.2366,0,66,17.0173,
DSH_E02_Halberd,68.802,-0.7565,0.5828,0.0015,2.3241,1,129,16.9072,4.0/-2.0/-4.0|
DSH_E03_Talos,68.802,-1.1774,0.9746,-0.0127,2.9883,1,73,18.1936,4.0/-2.0/-2.0|
DSH_E01_Skimmer,69.008,-0.1645,1.1765,-0.0166,2.3248,0,66,16.8256,
DSH_E02_Halberd,69.008,-0.7557,0.5661,0.0015,2.4757,1,129,16.9793,4.0/-2.0/-4.0|
DSH_E03_Talos,69.008,-1.1766,0.7215,-0.0125,2.6830,1,73,18.1967,4.0/-2.0/-2.0|
DSH_E01_Skimmer,69.209,-0.1723,1.2007,0.0016,2.4361,0,66,16.7145,
DSH_E02_Halberd,69.209,-0.7560,0.5716,0.0015,2.5799,1,129,17.0476,4.0/-2.0/-4.0|
DSH_E03_Talos,69.209,-1.1789,0.4588,-0.0121,2.2934,1,73,18.0246,4.0/-2.0/-2.0|
DSH_E01_Skimmer,69.401,-0.1722,1.2090,0.0140,2.5374,0,66,16.6588,
DSH_E02_Halberd,69.401,-0.7562,0.5781,0.0015,2.6464,1,129,17.1128,4.0/-2.0/-4.0|
DSH_E03_Talos,69.401,-1.1844,1.0544,-0.0116,2.3346,1,73,17.7286,4.0/-2.0/-2.0|
DSH_E01_Skimmer,69.610,-0.1674,1.2101,0.0220,2.6105,0,66,16.6352,
DSH_E02_Halberd,69.610,-0.7561,0.5771,0.0015,2.6926,1,129,17.1817,4.0/-2.0/-4.0|
DSH_E03_Talos,69.610,-1.1877,1.0025,-0.0110,2.5429,1,73,17.3331,4.0/-2.0/-2.0|
DSH_E01_Skimmer,69.808,-0.1613,1.2098,0.0268,2.6609,0,66,16.6422,
DSH_E02_Halberd,69.808,-0.7560,0.5740,0.0015,2.7226,1,129,17.2511,4.0/-2.0/-4.0|
DSH_E03_Talos,69.808,-1.1857,0.4635,-0.0105,2.5088,1,73,17.0287,4.0/-2.0/-2.0|
DSH_E01_Skimmer,70.010,-0.1542,1.2140,0.0295,2.6954,0,66,16.6649,
DSH_E02_Halberd,70.010,-0.7560,0.5747,0.0015,2.7413,1,129,17.3198,4.0/-2.0/-4.0|
DSH_E03_Talos,70.010,-1.1787,0.9279,-0.0105,2.6039,1,73,16.8358,4.0/-2.0/-2.0|
DSH_E01_Skimmer,70.210,-0.1473,1.2184,0.0308,2.7184,0,66,16.7011,
DSH_E02_Halberd,70.210,-0.7560,0.5761,0.0015,2.7557,1,129,17.3896,4.0/-2.0/-4.0|
DSH_E03_Talos,70.210,-1.1821,1.1414,-0.0107,2.7283,1,73,16.7295,4.0/-2.0/-2.0|
DSH_E01_Skimmer,70.406,-0.1412,1.2185,0.0310,2.7296,0,66,16.7539,
DSH_E02_Halberd,70.406,-0.7562,0.5808,0.0015,2.7618,1,129,17.4601,4.0/-2.0/-4.0|
DSH_E03_Talos,70.406,-1.1877,1.0554,-0.0105,2.8390,1,73,16.6840,4.0/-2.0/-2.0|
DSH_E01_Skimmer,70.608,-0.1398,1.1392,0.0305,2.4990,0,66,16.8877,
DSH_E02_Halberd,70.608,-0.7558,0.5727,0.0015,2.7676,1,129,17.5305,4.0/-2.0/-4.0|
DSH_E03_Talos,70.608,-1.1915,0.9247,-0.0099,2.9157,1,73,16.6779,4.0/-2.0/-2.0|
DSH_E01_Skimmer,70.808,-0.1398,0.8529,0.0276,1.8422,0,66,17.1489,
DSH_E02_Halberd,70.808,-0.7561,0.5801,0.0015,2.7706,1,129,17.6041,4.0/-2.0/-4.0|
DSH_E03_Talos,70.808,-1.1940,0.8534,-0.0093,2.9662,1,73,16.7068,4.0/-2.0/-2.0|
DSH_E01_Skimmer,71.008,-0.1284,0.4164,0.0270,1.1013,0,66,17.4102,
DSH_E02_Halberd,71.008,-0.7557,0.5730,0.0015,2.7713,1,129,17.6751,4.0/-2.0/-4.0|
DSH_E03_Talos,71.008,-1.1984,0.8711,-0.0087,2.9188,1,73,16.7901,4.0/-2.0/-2.0|
DSH_E01_Skimmer,71.210,-0.1088,0.1009,0.0268,1.1989,0,66,17.5876,
DSH_E02_Halberd,71.210,-0.7559,0.5781,0.0015,2.7738,1,129,17.7480,4.0/-2.0/-4.0|
DSH_E03_Talos,71.210,-1.2208,1.0314,-0.0106,2.4302,1,73,17.0261,4.0/-2.0/-2.0|
DSH_E01_Skimmer,71.410,-0.0886,0.5051,-0.0361,1.6020,0,66,17.7031,
DSH_E02_Halberd,71.410,-0.7560,0.5801,0.0015,2.7720,1,129,17.8209,4.0/-2.0/-4.0|
DSH_E03_Talos,71.410,-1.2607,1.3081,-0.0134,1.5970,1,73,17.3500,4.0/-2.0/-2.0|
DSH_E01_Skimmer,71.613,-0.1049,0.7017,-0.1346,1.9702,0,66,17.7847,
DSH_E02_Halberd,71.613,-0.7557,0.5754,0.0015,2.7726,1,129,17.8930,4.0/-2.0/-4.0|
DSH_E03_Talos,71.613,-1.2928,1.6365,-0.0046,1.3153,1,73,17.6032,4.0/-2.0/-2.0|
DSH_E01_Skimmer,71.811,-0.1332,0.5290,-0.0849,2.1827,0,66,17.8478,
DSH_E02_Halberd,71.811,-0.7556,0.5733,0.0015,2.7743,1,129,17.9671,4.0/-2.0/-4.0|
DSH_E03_Talos,71.811,-1.3065,1.9080,0.0015,1.7077,1,73,17.7703,4.0/-2.0/-2.0|
DSH_E01_Skimmer,72.010,-0.1445,0.5432,-0.0457,2.3446,0,66,17.8985,
DSH_E02_Halberd,72.010,-0.7560,0.5808,0.0015,2.7209,1,129,18.0706,4.0/-2.0/-4.0|
DSH_E03_Talos,72.010,-1.3087,2.0059,0.0064,2.1483,1,73,17.8914,4.0/-2.0/-2.0|
DSH_E01_Skimmer,72.207,-0.1490,0.5811,-0.0193,2.4538,0,66,17.9452,
DSH_E02_Halberd,72.207,-0.7560,0.5723,0.0014,2.2854,1,129,18.2922,4.0/-2.0/-4.0|
DSH_E03_Talos,72.207,-1.3063,1.9976,0.0095,2.4767,1,73,17.9869,4.0/-2.0/-2.0|
DSH_E01_Skimmer,72.407,-0.1507,0.5875,-0.0014,2.5247,0,66,17.9917,
DSH_E02_Halberd,72.407,-0.7565,0.5723,0.0011,1.5174,1,129,18.5974,4.0/-2.0/-4.0|
DSH_E03_Talos,72.407,-1.3026,1.9643,0.0114,2.6995,1,73,18.0707,4.0/-2.0/-2.0|
DSH_E01_Skimmer,72.601,-0.1505,0.5713,0.0106,2.5732,0,66,18.0347,
DSH_E02_Halberd,72.601,-0.7567,0.5737,0.0009,0.7574,1,129,18.8042,4.0/-2.0/-4.0|
DSH_E03_Talos,72.601,-1.2992,1.9414,0.0124,2.8522,1,73,18.1443,4.0/-2.0/-2.0|
DSH_E01_Skimmer,72.808,-0.1473,0.5768,0.0183,2.5983,0,66,18.0822,
DSH_E02_Halberd,72.808,-0.7563,0.5689,0.0011,0.6804,1,129,18.8056,4.0/-2.0/-4.0|
DSH_E03_Talos,72.808,-1.2961,1.9302,0.0129,2.9441,1,73,18.2227,4.0/-2.0/-2.0|
DSH_E01_Skimmer,73.010,-0.1415,0.6337,0.0231,2.3575,0,66,18.0587,
DSH_E02_Halberd,73.010,-0.7557,0.5692,0.0013,1.2776,1,129,18.6203,4.0/-2.0/-4.0|
DSH_E03_Talos,73.010,-1.2845,1.8035,0.0127,2.6878,1,73,18.2183,4.0/-2.0/-2.0|
DSH_E01_Skimmer,73.212,-0.1333,0.8195,0.0256,2.0539,0,66,17.8844,
DSH_E02_Halberd,73.212,-0.7552,0.5706,0.0014,1.7458,1,129,18.3138,4.0/-2.0/-4.0|
DSH_E03_Talos,73.212,-1.2559,1.4689,0.0112,2.3318,1,73,18.0408,4.0/-2.0/-2.0|
DSH_E01_Skimmer,73.407,-0.1265,1.0013,0.0267,2.1051,0,66,17.6003,
DSH_E02_Halberd,73.407,-0.7549,0.5754,0.0014,2.0666,1,129,17.9386,4.0/-2.0/-4.0|
DSH_E03_Talos,73.407,-1.2298,1.2406,0.0083,2.2867,1,73,17.7348,4.0/-2.0/-2.0|
DSH_E01_Skimmer,73.602,-0.1204,1.0239,0.0268,2.2762,0,66,17.2594,
DSH_E02_Halberd,73.602,-0.7546,0.5710,0.0014,2.2827,1,129,17.5140,4.0/-2.0/-4.0|
DSH_E03_Talos,73.602,-1.2149,1.1501,0.0049,2.4346,1,73,17.3378,4.0/-2.0/-2.0|
DSH_E01_Skimmer,73.802,-0.1190,0.7891,0.0265,2.2238,0,66,16.9712,
DSH_E02_Halberd,73.802,-0.7546,0.5720,0.0014,2.4273,1,129,17.0439,4.0/-2.0/-4.0|
DSH_E03_Talos,73.802,-1.2096,1.1099,0.0020,2.6113,1,73,16.8646,4.0/-2.0/-2.0|
DSH_E01_Skimmer,74.006,-0.1191,0.5486,0.0266,2.2907,0,66,16.7818,
DSH_E02_Halberd,74.006,-0.7547,0.5730,0.0014,2.4871,1,129,16.5422,4.0/-2.0/-4.0|
DSH_E03_Talos,74.006,-1.2136,1.1426,0.0001,2.7596,1,73,16.3385,4.0/-2.0/-2.0|
DSH_E01_Skimmer,74.200,-0.1097,0.6068,0.0262,2.3874,0,66,16.6723,
DSH_E02_Halberd,74.200,-0.7552,0.5744,0.0014,2.2207,1,129,16.0994,4.0/-2.0/-4.0|
DSH_E03_Talos,74.200,-1.2333,1.3105,-0.0004,2.5909,1,73,15.8699,4.0/-2.0/-2.0|
DSH_E01_Skimmer,74.401,-0.1050,0.5945,0.0253,2.4801,0,66,16.6116,
DSH_E02_Halberd,74.401,-0.7560,0.5744,0.0014,2.0670,1,129,15.7799,4.0/-2.0/-4.0|
DSH_E03_Talos,74.401,-1.2617,1.6036,0.0013,2.5016,1,73,15.5347,4.0/-2.0/-2.0|
DSH_E01_Skimmer,74.602,-0.1006,0.5848,0.0244,2.5468,0,66,16.5855,
DSH_E02_Halberd,74.602,-0.7563,0.5730,0.0016,2.1666,1,129,15.5800,4.0/-2.0/-4.0|
DSH_E03_Talos,74.602,-1.2785,1.8555,0.0039,2.6102,1,73,15.3269,4.0/-2.0/-2.0|
DSH_E01_Skimmer,74.806,-0.0973,0.5822,0.0031,2.5924,0,66,16.5878,
DSH_E02_Halberd,74.806,-0.7559,0.5733,0.0016,2.3176,1,129,15.4649,4.0/-2.0/-4.0|
DSH_E03_Talos,74.806,-1.2834,1.9511,0.0062,2.7569,1,73,15.2125,4.0/-2.0/-2.0|
DSH_E01_Skimmer,75.009,-0.1000,0.5747,-0.0147,2.6237,0,66,16.6048,
DSH_E02_Halberd,75.009,-0.7556,0.5788,0.0016,2.4496,1,129,15.4086,4.0/-2.0/-4.0|
DSH_E03_Talos,75.009,-1.2818,1.9474,0.0077,2.8841,1,73,15.1624,4.0/-2.0/-2.0|
DSH_E01_Skimmer,75.203,0.0037,0.5828,0.0732,2.6446,0,66,-1.0000,
DSH_E02_Halberd,75.203,0.0025,0.5699,0.0386,2.5444,1,129,-1.0000,4.0/-2.0/-4.0|
DSH_E03_Talos,75.203,0.0015,1.9255,0.0107,2.9741,1,73,-1.0000,4.0/-2.0/-2.0|
DSH_E01_Skimmer,75.408,-0.0123,0.5751,-0.3100,2.5746,0,66,-1.0000,
DSH_E02_Halberd,75.408,-0.0154,0.5661,-0.2767,2.5264,1,129,-1.0000,4.0/-2.0/-4.0|
DSH_E03_Talos,75.408,-0.0279,1.8500,-0.4060,2.9297,1,73,-1.0000,4.0/-2.0/-2.0|
DSH_E01_Skimmer,75.610,-0.1466,0.5723,-0.8873,1.9228,0,66,-1.0000,
DSH_E02_Halberd,75.610,-0.1318,0.5747,-0.7917,1.8912,1,129,-1.0000,4.0/-2.0/-4.0|
DSH_E03_Talos,75.610,-0.1559,1.4180,-0.8971,2.2084,1,73,-1.0000,4.0/-2.0/-2.0|
DSH_E01_Skimmer,75.804,-0.3182,0.5858,-0.7402,1.2809,0,66,-1.0000,
DSH_E02_Halberd,75.804,-0.2905,0.5764,-0.7518,1.2532,1,129,-1.0000,4.0/-2.0/-4.0|
DSH_E03_Talos,75.804,-0.3012,0.8942,-0.7492,1.4951,1,73,-1.0000,4.0/-2.0/-2.0|
DSH_E01_Skimmer,76.006,-0.4453,0.6231,-0.4609,0.8472,0,66,-1.0000,
DSH_E02_Halberd,76.006,-0.4174,0.5689,-0.5295,0.8283,1,129,-1.0000,4.0/-2.0/-4.0|
DSH_E03_Talos,76.006,-0.4222,0.6480,-0.5625,1.0114,1,73,-1.0000,4.0/-2.0/-2.0|
DSH_E01_Skimmer,76.208,-0.5223,0.6629,-0.2675,0.5535,0,66,-1.0000,
DSH_E02_Halberd,76.208,-0.5071,0.5648,-0.3737,0.5457,1,129,-1.0000,4.0/-2.0/-4.0|
DSH_E03_Talos,76.208,-0.5194,0.6068,-0.4304,0.6852,1,73,-1.0000,4.0/-2.0/-2.0|
DSH_E01_Skimmer,76.409,-0.5632,0.6723,-0.1344,0.3562,0,66,-1.0000,
DSH_E02_Halberd,76.409,-0.5703,0.5757,-0.2643,0.3580,1,129,-1.0000,4.0/-2.0/-4.0|
DSH_E03_Talos,76.409,-0.5959,0.6256,-0.3361,0.4678,1,73,-1.0000,4.0/-2.0/-2.0|
DSH_E01_Skimmer,76.610,-0.5801,0.6662,-0.0438,0.2254,0,66,-1.0000,
DSH_E02_Halberd,76.610,-0.6150,0.5842,-0.1876,0.2341,1,129,-1.0000,4.0/-2.0/-4.0|
DSH_E03_Talos,76.610,-0.6569,0.6483,-0.2683,0.3242,1,73,-1.0000,4.0/-2.0/-2.0|
DSH_E01_Skimmer,76.809,-0.5816,0.6597,0.0170,0.1400,0,66,-1.0000,
DSH_E02_Halberd,76.809,-0.6464,0.5868,-0.1337,0.1529,1,129,-1.0000,4.0/-2.0/-4.0|
DSH_E03_Talos,76.809,-0.7055,0.6615,-0.2192,0.2298,1,73,-1.0000,4.0/-2.0/-2.0|
DSH_E01_Skimmer,77.005,-0.5735,0.6561,0.0571,0.0860,0,66,-1.0000,
DSH_E02_Halberd,77.005,-0.6683,0.5818,-0.0958,0.1010,1,129,-1.0000,4.0/-2.0/-4.0|
DSH_E03_Talos,77.005,-0.7449,0.6668,-0.1832,0.1680,1,73,-1.0000,4.0/-2.0/-2.0|
DSH_E01_Skimmer,77.208,-0.5588,0.6549,0.0828,0.0549,0,66,-1.0000,
DSH_E02_Halberd,77.208,-0.6846,0.5784,-0.0692,0.0696,1,129,-1.0000,4.0/-2.0/-4.0|
DSH_E03_Talos,77.208,-0.7792,0.6682,-0.1565,0.1276,1,73,-1.0000,4.0/-2.0/-2.0|
DSH_E01_Skimmer,77.405,-0.5408,0.6546,0.0986,0.0417,0,66,-1.0000,
DSH_E02_Halberd,77.405,-0.6961,0.5757,-0.0504,0.0527,1,129,-1.0000,4.0/-2.0/-4.0|
DSH_E03_Talos,77.405,-0.8078,0.6688,-0.1364,0.1014,1,73,-1.0000,4.0/-2.0/-2.0|
DSH_E01_Skimmer,77.604,-0.5201,0.6543,0.1074,0.0401,0,66,-1.0000,
DSH_E02_Halberd,77.604,-0.7047,0.5723,-0.0372,0.0455,1,129,-1.0000,4.0/-2.0/-4.0|
DSH_E03_Talos,77.604,-0.8335,0.6691,-0.1210,0.0845,1,73,-1.0000,4.0/-2.0/-2.0|
DSH_E01_Skimmer,77.803,-0.4984,0.6540,0.1116,0.0429,0,66,-1.0000,
DSH_E02_Halberd,77.803,-0.7110,0.5703,-0.0278,0.0435,1,129,-1.0000,4.0/-2.0/-4.0|
DSH_E03_Talos,77.803,-0.8563,0.6697,-0.1090,0.0737,1,73,-1.0000,4.0/-2.0/-2.0|
DSH_E01_Skimmer,78.001,-0.4760,0.6534,0.1126,0.0461,0,66,-1.0000,
DSH_E02_Halberd,78.001,-0.7158,0.5713,-0.0211,0.0437,1,129,-1.0000,4.0/-2.0/-4.0|
DSH_E03_Talos,78.001,-0.8770,0.6703,-0.0993,0.0668,1,73,-1.0000,4.0/-2.0/-2.0|
DSH_E01_Skimmer,78.209,-0.4525,0.6525,0.1114,0.0488,0,66,-1.0000,
DSH_E02_Halberd,78.209,-0.7200,0.5788,-0.0163,0.0444,1,129,-1.0000,4.0/-2.0/-4.0|
DSH_E03_Talos,78.209,-0.8967,0.6711,-0.0913,0.0624,1,73,-1.0000,4.0/-2.0/-2.0|
DSH_E01_Skimmer,78.410,-0.4304,0.6519,0.1089,0.0507,0,66,-1.0000,
DSH_E02_Halberd,78.410,-0.7230,0.5825,-0.0129,0.0452,1,129,-1.0000,4.0/-2.0/-4.0|
DSH_E03_Talos,78.410,-0.9143,0.6717,-0.0847,0.0596,1,73,-1.0000,4.0/-2.0/-2.0|
DSH_E01_Skimmer,78.605,-0.4095,0.6510,0.1054,0.0520,0,66,-1.0000,
DSH_E02_Halberd,78.605,-0.7257,0.5915,-0.0104,0.0458,1,129,-1.0000,4.0/-2.0/-4.0|
DSH_E03_Talos,78.605,-0.9304,0.6723,-0.0790,0.0578,1,73,-1.0000,4.0/-2.0/-2.0|
DSH_E01_Skimmer,78.806,-0.3888,0.6504,0.1015,0.0528,0,66,-1.0000,
DSH_E02_Halberd,78.806,-0.7269,0.5778,-0.0086,0.0464,1,129,-1.0000,4.0/-2.0/-4.0|
DSH_E03_Talos,78.806,-0.9457,0.6729,-0.0740,0.0567,1,73,-1.0000,4.0/-2.0/-2.0|
DSH_E01_Skimmer,79.007,-0.3689,0.6498,0.0972,0.0533,0,66,-1.0000,
DSH_E02_Halberd,79.007,-0.7288,0.5835,-0.0073,0.0467,1,129,-1.0000,4.0/-2.0/-4.0|
DSH_E03_Talos,79.007,-0.9601,0.6735,-0.0695,0.0560,1,73,-1.0000,4.0/-2.0/-2.0|
DSH_E01_Skimmer,79.208,-0.3497,0.6492,0.0928,0.0537,0,66,-1.0000,
DSH_E02_Halberd,79.208,-0.7297,0.5744,-0.0063,0.0469,1,129,-1.0000,4.0/-2.0/-4.0|
DSH_E03_Talos,79.208,-0.9737,0.6741,-0.0655,0.0556,1,73,-1.0000,4.0/-2.0/-2.0|
DSH_E01_Skimmer,79.404,-0.3320,0.6486,0.0884,0.0539,0,66,-1.0000,
DSH_E02_Halberd,79.404,-0.7308,0.5723,-0.0055,0.0469,1,129,-1.0000,4.0/-2.0/-4.0|
DSH_E03_Talos,79.404,-0.9861,0.6743,-0.0619,0.0553,1,73,-1.0000,4.0/-2.0/-2.0|
DSH_E01_Skimmer,79.605,-0.3146,0.6480,0.0841,0.0539,0,66,-1.0000,
DSH_E02_Halberd,79.605,-0.7321,0.5737,-0.0049,0.0469,1,129,-1.0000,4.0/-2.0/-4.0|
DSH_E03_Talos,79.605,-0.9982,0.6749,-0.0585,0.0551,1,73,-1.0000,4.0/-2.0/-2.0|
DSH_E01_Skimmer,79.801,-0.2986,0.6474,0.0798,0.0540,0,66,-1.0000,
DSH_E02_Halberd,79.801,-0.7332,0.5764,-0.0044,0.0470,1,129,-1.0000,4.0/-2.0/-4.0|
DSH_E03_Talos,79.801,-1.0094,0.6752,-0.0553,0.0551,1,73,-1.0000,4.0/-2.0/-2.0|
DSH_E01_Skimmer,80.010,-0.2823,0.6468,0.0758,0.0540,0,66,-1.0000,
DSH_E02_Halberd,80.010,-0.7337,0.5713,-0.0040,0.0471,1,129,-1.0000,4.0/-2.0/-4.0|
DSH_E03_Talos,80.010,-1.0206,0.6755,-0.0524,0.0550,1,73,-1.0000,4.0/-2.0/-2.0|
DSH_E01_Skimmer,80.200,-0.2683,0.6462,0.0718,0.0539,0,66,-1.0000,
DSH_E02_Halberd,80.200,-0.7344,0.5747,-0.0037,0.0472,1,129,-1.0000,4.0/-2.0/-4.0|
DSH_E03_Talos,80.200,-1.0303,0.6761,-0.0497,0.0550,1,73,-1.0000,4.0/-2.0/-2.0|
DSH_E01_Skimmer,80.409,-0.2537,0.6459,0.0681,0.0539,0,66,-1.0000,
DSH_E02_Halberd,80.409,-0.7349,0.5703,-0.0035,0.0472,1,129,-1.0000,4.0/-2.0/-4.0|
DSH_E03_Talos,80.409,-1.0405,0.6764,-0.0471,0.0550,1,73,-1.0000,4.0/-2.0/-2.0|
DSH_E01_Skimmer,80.609,-0.2405,0.6453,0.0645,0.0538,0,66,-1.0000,
DSH_E02_Halberd,80.609,-0.7358,0.5771,-0.0032,0.0472,1,129,-1.0000,4.0/-2.0/-4.0|
DSH_E03_Talos,80.609,-1.0497,0.6767,-0.0446,0.0551,1,73,-1.0000,4.0/-2.0/-2.0|
DSH_E01_Skimmer,80.810,-0.2280,0.6450,0.0611,0.0538,0,66,-1.0000,
DSH_E02_Halberd,80.810,-0.7363,0.5744,-0.0031,0.0472,1,129,-1.0000,4.0/-2.0/-4.0|
DSH_E03_Talos,80.810,-1.0584,0.6770,-0.0423,0.0551,1,73,-1.0000,4.0/-2.0/-2.0|
DSH_E01_Skimmer,81.005,-0.2164,0.6444,0.0578,0.0537,0,66,-1.0000,
DSH_E02_Halberd,81.005,-0.7368,0.5740,-0.0029,0.0472,1,129,-1.0000,4.0/-2.0/-4.0|
DSH_E03_Talos,81.005,-1.0664,0.6772,-0.0402,0.0552,1,73,-1.0000,4.0/-2.0/-2.0|
DSH_E01_Skimmer,81.205,-0.2051,0.6441,0.0547,0.0536,0,66,-1.0000,
DSH_E02_Halberd,81.205,-0.7374,0.5733,-0.0027,0.0471,1,129,-1.0000,4.0/-2.0/-4.0|
DSH_E03_Talos,81.205,-1.0743,0.6775,-0.0381,0.0552,1,73,-1.0000,4.0/-2.0/-2.0|
DSH_E01_Skimmer,81.405,-0.1945,0.6438,0.0518,0.0536,0,66,-1.0000,
DSH_E02_Halberd,81.405,-0.7379,0.5716,-0.0025,0.0471,1,129,-1.0000,4.0/-2.0/-4.0|
DSH_E03_Talos,81.405,-1.0817,0.6778,-0.0361,0.0552,1,73,-1.0000,4.0/-2.0/-2.0|
DSH_E01_Skimmer,81.609,-0.1843,0.6435,0.0490,0.0535,0,66,-1.0000,
DSH_E02_Halberd,81.609,-0.7388,0.5781,-0.0024,0.0471,1,129,-1.0000,4.0/-2.0/-4.0|
DSH_E03_Talos,81.609,-1.0889,0.6781,-0.0343,0.0553,1,73,-1.0000,4.0/-2.0/-2.0|
DSH_E01_Skimmer,81.808,-0.1747,0.6432,0.0464,0.0534,0,66,-1.0000,
DSH_E02_Halberd,81.808,-0.7392,0.5720,-0.0022,0.0472,1,129,-1.0000,4.0/-2.0/-4.0|
DSH_E03_Talos,81.808,-1.0956,0.6784,-0.0325,0.0553,1,73,-1.0000,4.0/-2.0/-2.0|
DSH_E01_Skimmer,82.006,-0.1658,0.6425,0.0439,0.0534,0,66,-1.0000,
DSH_E02_Halberd,82.006,-0.7399,0.5723,-0.0021,0.0472,1,129,-1.0000,4.0/-2.0/-4.0|
DSH_E03_Talos,82.006,-1.1017,0.6787,-0.0309,0.0554,1,73,-1.0000,4.0/-2.0/-2.0|
DSH_E01_Skimmer,82.200,-0.1575,0.6425,0.0416,0.0533,0,66,-1.0000,
DSH_E02_Halberd,82.200,-0.7404,0.5720,-0.0019,0.0471,1,129,-1.0000,4.0/-2.0/-4.0|
DSH_E03_Talos,82.200,-1.1077,0.6787,-0.0293,0.0554,1,73,-1.0000,4.0/-2.0/-2.0|
DSH_E01_Skimmer,82.410,-0.1491,0.6422,0.0394,0.0533,0,66,-1.0000,
DSH_E02_Halberd,82.410,-0.7410,0.5706,-0.0018,0.0471,1,129,-1.0000,4.0/-2.0/-4.0|
DSH_E03_Talos,82.410,-1.1136,0.6790,-0.0278,0.0554,1,73,-1.0000,4.0/-2.0/-2.0|
DSH_E01_Skimmer,82.602,-0.1418,0.6419,0.0373,0.0532,0,66,-1.0000,
DSH_E02_Halberd,82.602,-0.7417,0.5744,-0.0016,0.0471,1,129,-1.0000,4.0/-2.0/-4.0|
DSH_E03_Talos,82.602,-1.1188,0.6793,-0.0263,0.0555,1,73,-1.0000,4.0/-2.0/-2.0|
DSH_E01_Skimmer,82.808,-0.1342,0.6416,0.0353,0.0532,0,66,-1.0000,
DSH_E02_Halberd,82.808,-0.7419,0.5720,-0.0015,0.0472,1,129,-1.0000,4.0/-2.0/-4.0|
DSH_E03_Talos,82.808,-1.1240,0.6793,-0.0250,0.0555,1,73,-1.0000,4.0/-2.0/-2.0|
DSH_E01_Skimmer,83.006,-0.1275,0.6413,0.0334,0.0531,0,66,-1.0000,
DSH_E02_Halberd,83.006,-0.7418,0.5675,-0.0014,0.0472,1,129,-1.0000,4.0/-2.0/-4.0|
DSH_E03_Talos,83.006,-1.1288,0.6795,-0.0237,0.0555,1,73,-1.0000,4.0/-2.0/-2.0|
DSH_E01_Skimmer,83.206,-0.1210,0.6410,0.0316,0.0531,0,66,-1.0000,
DSH_E02_Halberd,83.206,-0.7421,0.5744,-0.0013,0.0472,1,129,-1.0000,4.0/-2.0/-4.0|
DSH_E03_Talos,83.206,-1.1335,0.6795,-0.0225,0.0556,1,73,-1.0000,4.0/-2.0/-2.0|
DSH_E01_Skimmer,83.406,-0.1149,0.6410,0.0299,0.0531,0,66,-1.0000,
DSH_E02_Halberd,83.406,-0.7419,0.5720,-0.0012,0.0472,1,129,-1.0000,4.0/-2.0/-4.0|
DSH_E03_Talos,83.406,-1.1378,0.6798,-0.0213,0.0556,1,73,-1.0000,4.0/-2.0/-2.0|
DSH_E01_Skimmer,83.601,-0.1092,0.6407,0.0283,0.0530,0,66,-1.0000,
DSH_E02_Halberd,83.601,-0.7419,0.5716,-0.0012,0.0471,1,129,-1.0000,4.0/-2.0/-4.0|
DSH_E03_Talos,83.601,-1.1419,0.6798,-0.0202,0.0556,1,73,-1.0000,4.0/-2.0/-2.0|
DSH_E01_Skimmer,83.804,-0.1036,0.6404,0.0268,0.0530,0,66,-1.0000,
DSH_E02_Halberd,83.804,-0.7421,0.5747,-0.0012,0.0471,1,129,-1.0000,4.0/-2.0/-4.0|
DSH_E03_Talos,83.804,-1.1459,0.6801,-0.0192,0.0556,1,73,-1.0000,4.0/-2.0/-2.0|
DSH_E01_Skimmer,84.006,-0.0984,0.6401,0.0208,0.0529,0,66,-1.0000,
DSH_E02_Halberd,84.006,-0.7418,0.5696,-0.0011,0.0472,1,129,-1.0000,4.0/-2.0/-4.0|
DSH_E03_Talos,84.006,-1.1497,0.6801,-0.0182,0.0557,1,73,-1.0000,4.0/-2.0/-2.0|
DSH_E01_Skimmer,84.204,-0.0983,0.6349,-0.0162,0.0524,0,66,-1.0000,
DSH_E02_Halberd,84.204,-0.7418,0.5672,-0.0011,0.0473,1,129,-1.0000,4.0/-2.0/-4.0|
DSH_E03_Talos,84.204,-1.1533,0.6804,-0.0172,0.0557,1,73,-1.0000,4.0/-2.0/-2.0|
DSH_E01_Skimmer,84.401,-0.1012,0.6321,-0.0093,0.0523,0,66,-1.0000,
DSH_E02_Halberd,84.401,-0.7420,0.5737,-0.0011,0.0472,1,129,-1.0000,4.0/-2.0/-4.0|
DSH_E03_Talos,84.401,-1.1566,0.6804,-0.0163,0.0557,1,73,-1.0000,4.0/-2.0/-2.0|
DSH_E01_Skimmer,84.611,-0.1019,0.6355,0.0015,0.0523,0,66,-1.0000,
DSH_E02_Halberd,84.611,-0.7420,0.5730,-0.0011,0.0472,1,129,-1.0000,4.0/-2.0/-4.0|
DSH_E03_Talos,84.611,-1.1597,0.6807,-0.0155,0.0557,1,73,-1.0000,4.0/-2.0/-2.0|
DSH_E01_Skimmer,84.801,-0.1008,0.6386,0.0086,0.0524,0,66,-1.0000,
DSH_E02_Halberd,84.801,-0.7421,0.5740,-0.0011,0.0471,1,129,-1.0000,4.0/-2.0/-4.0|
DSH_E03_Talos,84.801,-1.1627,0.6807,-0.0147,0.0558,1,73,-1.0000,4.0/-2.0/-2.0|
DSH_E01_Skimmer,85.000,-0.0989,0.6398,0.0070,0.0525,0,66,-1.0000,
DSH_E02_Halberd,85.000,-0.7420,0.5727,-0.0011,0.0471,1,129,-1.0000,4.0/-2.0/-4.0|
DSH_E03_Talos,85.000,-1.1657,0.6810,-0.0139,0.0558,1,73,-1.0000,4.0/-2.0/-2.0|
DSH_E01_Skimmer,85.207,-0.0992,0.6367,-0.0076,0.0523,0,66,-1.0000,
DSH_E02_Halberd,85.207,-0.7419,0.5713,-0.0011,0.0472,1,129,-1.0000,4.0/-2.0/-4.0|
DSH_E03_Talos,85.207,-1.1684,0.6810,-0.0132,0.0558,1,73,-1.0000,4.0/-2.0/-2.0|
DSH_E01_Skimmer,85.412,-0.1002,0.6358,-0.0010,0.0524,0,66,-1.0000,
DSH_E02_Halberd,85.412,-0.7418,0.5686,-0.0010,0.0473,1,129,-1.0000,4.0/-2.0/-4.0|
DSH_E03_Talos,85.412,-1.1709,0.6810,-0.0125,0.0558,1,73,-1.0000,4.0/-2.0/-2.0|
DSH_E01_Skimmer,85.610,-0.0995,0.6377,0.0053,0.0524,0,66,-1.0000,
DSH_E02_Halberd,85.610,-0.7420,0.5727,-0.0010,0.0472,1,129,-1.0000,4.0/-2.0/-4.0|
DSH_E03_Talos,85.610,-1.1733,0.6810,-0.0118,0.0558,1,73,-1.0000,4.0/-2.0/-2.0|
DSH_E01_Skimmer,85.803,-0.0991,0.6377,-0.0020,0.0524,0,66,-1.0000,
DSH_E02_Halberd,85.803,-0.7419,0.5720,-0.0010,0.0472,1,129,-1.0000,4.0/-2.0/-4.0|
DSH_E03_Talos,85.803,-1.1757,0.6813,-0.0112,0.0558,1,73,-1.0000,4.0/-2.0/-2.0|
DSH_E01_Skimmer,86.008,-0.0997,0.6364,-0.0031,0.0523,0,66,-1.0000,
DSH_E02_Halberd,86.008,-0.7421,0.5747,-0.0010,0.0471,1,129,-1.0000,4.0/-2.0/-4.0|
DSH_E03_Talos,86.008,-1.1780,0.6813,-0.0106,0.0559,1,73,-1.0000,4.0/-2.0/-2.0|
DSH_E01_Skimmer,86.207,-0.0997,0.6370,0.0025,0.0524,0,66,-1.0000,
DSH_E02_Halberd,86.207,-0.7419,0.5723,-0.0010,0.0472,1,129,-1.0000,4.0/-2.0/-4.0|
DSH_E03_Talos,86.207,-1.1799,0.6813,-0.0100,0.0559,1,73,-1.0000,4.0/-2.0/-2.0|
DSH_E01_Skimmer,86.403,-0.0993,0.6377,0.0000,0.0524,0,66,-1.0000,
DSH_E02_Halberd,86.403,-0.7421,0.5761,-0.0010,0.0472,1,129,-1.0000,4.0/-2.0/-4.0|
DSH_E03_Talos,86.403,-1.1816,0.6816,-0.0095,0.0559,1,73,-1.0000,4.0/-2.0/-2.0|
DSH_E01_Skimmer,86.605,-0.0997,0.6370,-0.0013,0.0524,0,66,-1.0000,
DSH_E02_Halberd,86.605,-0.7421,0.5764,-0.0010,0.0473,1,129,-1.0000,4.0/-2.0/-4.0|
DSH_E03_Talos,86.605,-1.1835,0.6816,-0.0090,0.0559,1,73,-1.0000,4.0/-2.0/-2.0|
DSH_E01_Skimmer,86.808,-0.0997,0.6370,0.0014,0.0524,0,66,-1.0000,
DSH_E02_Halberd,86.808,-0.7418,0.5696,-0.0010,0.0472,1,129,-1.0000,4.0/-2.0/-4.0|
DSH_E03_Talos,86.808,-1.1854,0.6816,-0.0085,0.0559,1,73,-1.0000,4.0/-2.0/-2.0|
DSH_E01_Skimmer,87.003,-0.0994,0.6374,0.0002,0.0524,0,66,-1.0000,
DSH_E02_Halberd,87.003,-0.7419,0.5720,-0.0010,0.0472,1,129,-1.0000,4.0/-2.0/-4.0|
DSH_E03_Talos,87.003,-1.1872,0.6816,-0.0080,0.0559,1,73,-1.0000,4.0/-2.0/-2.0|
DSH_E01_Skimmer,87.206,-0.0994,0.6370,-0.0015,0.0524,0,66,-1.0000,
DSH_E02_Halberd,87.206,-0.7420,0.5737,-0.0010,0.0471,1,129,-1.0000,4.0/-2.0/-4.0|
DSH_E03_Talos,87.206,-1.1890,0.6818,-0.0076,0.0559,1,73,-1.0000,4.0/-2.0/-2.0|
DSH_E01_Skimmer,87.402,-0.0995,0.6367,-0.0009,0.0524,0,66,-1.0000,
DSH_E02_Halberd,87.402,-0.7420,0.5727,-0.0010,0.0472,1,129,-1.0000,4.0/-2.0/-4.0|
DSH_E03_Talos,87.402,-1.1902,0.6818,-0.0072,0.0559,1,73,-1.0000,4.0/-2.0/-2.0|
DSH_E01_Skimmer,87.600,-0.0995,0.6370,-0.0003,0.0524,0,66,-1.0000,
DSH_E02_Halberd,87.600,-0.7422,0.5784,-0.0009,0.0472,1,129,-1.0000,4.0/-2.0/-4.0|
DSH_E03_Talos,87.600,-1.1913,0.6818,-0.0068,0.0560,1,73,-1.0000,4.0/-2.0/-2.0|
DSH_E01_Skimmer,87.804,-0.0995,0.6370,0.0002,0.0524,0,66,-1.0000,
DSH_E02_Halberd,87.804,-0.7424,0.5811,-0.0009,0.0473,1,129,-1.0000,4.0/-2.0/-4.0|
DSH_E03_Talos,87.804,-1.1926,0.6818,-0.0064,0.0560,1,73,-1.0000,4.0/-2.0/-2.0|
DSH_E01_Skimmer,88.009,-0.0995,0.6374,0.0005,0.0524,0,66,-1.0000,
DSH_E02_Halberd,88.009,-0.7419,0.5706,-0.0009,0.0472,1,129,-1.0000,4.0/-2.0/-4.0|
DSH_E03_Talos,88.009,-1.1939,0.6818,-0.0061,0.0560,1,73,-1.0000,4.0/-2.0/-2.0|
DSH_E01_Skimmer,88.202,-0.0995,0.6374,0.0006,0.0524,0,66,-1.0000,
DSH_E02_Halberd,88.202,-0.7420,0.5730,-0.0009,0.0472,1,129,-1.0000,4.0/-2.0/-4.0|
DSH_E03_Talos,88.202,-1.1950,0.6818,-0.0058,0.0560,1,73,-1.0000,4.0/-2.0/-2.0|
DSH_E01_Skimmer,88.404,-0.0995,0.6374,0.0008,0.0524,0,66,-1.0000,
DSH_E02_Halberd,88.404,-0.7420,0.5730,-0.0009,0.0471,1,129,-1.0000,4.0/-2.0/-4.0|
DSH_E03_Talos,88.404,-1.1964,0.6818,-0.0054,0.0560,1,73,-1.0000,4.0/-2.0/-2.0|
DSH_E01_Skimmer,88.602,-0.0995,0.6374,0.0009,0.0524,0,66,-1.0000,
DSH_E02_Halberd,88.602,-0.7421,0.5740,-0.0009,0.0472,1,129,-1.0000,4.0/-2.0/-4.0|
DSH_E03_Talos,88.602,-1.1975,0.6821,-0.0051,0.0560,1,73,-1.0000,4.0/-2.0/-2.0|
DSH_E01_Skimmer,88.809,-0.0995,0.6374,0.0009,0.0524,0,66,-1.0000,
DSH_E02_Halberd,88.809,-0.7422,0.5791,-0.0009,0.0472,1,129,-1.0000,4.0/-2.0/-4.0|
DSH_E03_Talos,88.809,-1.1987,0.6821,-0.0048,0.0560,1,73,-1.0000,4.0/-2.0/-2.0|
DSH_E01_Skimmer,89.008,-0.0995,0.6374,0.0010,0.0524,0,66,-1.0000,
DSH_E02_Halberd,89.008,-0.7424,0.5835,-0.0009,0.0473,1,129,-1.0000,4.0/-2.0/-4.0|
DSH_E03_Talos,89.008,-1.1998,0.6821,-0.0045,0.0560,1,73,-1.0000,4.0/-2.0/-2.0|
DSH_E01_Skimmer,89.208,-0.0995,0.6374,0.0010,0.0524,0,66,-1.0000,
DSH_E02_Halberd,89.208,-0.7421,0.5744,-0.0009,0.0473,1,129,-1.0000,4.0/-2.0/-4.0|
DSH_E03_Talos,89.208,-1.2004,0.6821,-0.0042,0.0560,1,73,-1.0000,4.0/-2.0/-2.0|
DSH_E01_Skimmer,89.401,-0.0995,0.6374,0.0010,0.0524,0,66,-1.0000,
DSH_E02_Halberd,89.401,-0.7419,0.5720,-0.0009,0.0472,1,129,-1.0000,4.0/-2.0/-4.0|
DSH_E03_Talos,89.401,-1.2010,0.6821,-0.0040,0.0560,1,73,-1.0000,4.0/-2.0/-2.0|
DSH_E01_Skimmer,89.601,-0.0995,0.6374,0.0010,0.0524,0,66,-1.0000,
DSH_E02_Halberd,89.601,-0.7421,0.5740,-0.0009,0.0471,1,129,-1.0000,4.0/-2.0/-4.0|
DSH_E03_Talos,89.601,-1.2016,0.6821,-0.0038,0.0560,1,73,-1.0000,4.0/-2.0/-2.0|
DSH_E01_Skimmer,89.804,-0.0995,0.6374,0.0010,0.0524,0,66,-1.0000,
DSH_E02_Halberd,89.804,-0.7421,0.5764,-0.0008,0.0472,1,129,-1.0000,4.0/-2.0/-4.0|
DSH_E03_Talos,89.804,-1.2022,0.6821,-0.0036,0.0560,1,73,-1.0000,4.0/-2.0/-2.0|
DSH_E01_Skimmer,90.002,-0.0995,0.6374,0.0010,0.0524,0,66,-1.0000,
DSH_E02_Halberd,90.002,-0.7422,0.5778,-0.0008,0.0472,1,129,-1.0000,4.0/-2.0/-4.0|
DSH_E03_Talos,90.002,-1.2028,0.6824,-0.0034,0.0560,1,73,-1.0000,4.0/-2.0/-2.0|
